2025-11-25 16:46:34,240 - Knowledge - INFO - Created shared MongoDB connection pool
2025-11-25 16:46:34,241 - Knowledge - INFO - Starting Knowledge Graph processing with 20 threads
2025-11-25 16:46:34,241 - Knowledge - INFO - Initial configuration: chunk_size=65536, max_cache_size=500
2025-11-25 16:46:34,241 - Knowledge - INFO - Knowledge Graph concurrency configuration: workers=20, max_batch_size=25, max_concurrent_llm_calls=50
2025-11-25 16:46:35,341 - Knowledge - INFO - 🔍 _load_persisted_knowledge called - checking for Redis optimization
2025-11-25 16:46:35,341 - Knowledge - WARNING - ❌ load_from_redis method not found - Redis support not attached
2025-11-25 16:46:35,341 - Knowledge - INFO - load persisted knowledge: begin
2025-11-25 16:46:35,341 - Knowledge - INFO - Loaded 0 files from persisted knowledge
2025-11-25 16:46:35,341 - Knowledge - INFO - load persisted knowledge: end
2025-11-25 16:46:35,341 - Knowledge - WARNING - No persisted knowledge found. Files will be queued during start()
2025-11-25 16:46:35,341 - Knowledge - INFO - 🔧 add_redis_support_to_knowledge called - knowledge_instance.id: 8rQZUV-b8464kg, build_ids: ['b8464kg']
2025-11-25 16:46:35,342 - Knowledge - INFO - 🔧 Using build_ids[0] for Redis prefix: b8464kg
2025-11-25 16:46:35,342 - Knowledge - INFO - 🔧 Redis prefix set to: knowledge:b8464kg:
2025-11-25 16:46:35,342 - Knowledge - INFO - 🔧 Redis support added - prefix: knowledge:b8464kg:, stored build_ids: ['b8464kg']
2025-11-25 16:46:35,342 - Knowledge - INFO - Redis support added with prefix knowledge:b8464kg:
2025-11-25 16:46:35,350 - Knowledge - INFO - Starting knowledge initialization for ID: 8rQZUV-b8464kg
2025-11-25 16:46:35,350 - Knowledge - INFO - 🔍 Checking Redis for build_id: b8464kg
2025-11-25 16:46:35,350 - Knowledge - INFO - 🔍 Full session ID: 8rQZUV-b8464kg
2025-11-25 16:46:35,350 - Knowledge - INFO - 🔍 Redis prefix will be: knowledge:b8464kg:
2025-11-25 16:46:35,350 - Knowledge - INFO - 🔍 Using attached load_from_redis() method
2025-11-25 16:46:35,350 - Knowledge - INFO - 🔍 Attempting to load knowledge from Redis...
2025-11-25 16:46:35,350 - Knowledge - INFO - 🔍 Using build_ids for Redis lookup: ['b8464kg']
2025-11-25 16:46:35,350 - Knowledge - INFO - 🔍 GETTING FROM REDIS - Requested IDs: ['b8464kg']
2025-11-25 16:46:35,351 - Knowledge - INFO - 🔍 GETTING FROM REDIS - ID: b8464kg, Prefix: knowledge:b8464kg:
2025-11-25 16:46:35,381 - Knowledge - WARNING - ❌ NO DATA FOUND in Redis for IDs: ['b8464kg'], Prefixes tried: ['knowledge:b8464kg:']
2025-11-25 16:46:35,381 - Knowledge - WARNING - ❌ No Redis cache found
2025-11-25 16:46:35,381 - Knowledge - INFO - 🔍 GETTING FROM REDIS - Requested IDs: ['b8464kg']
2025-11-25 16:46:35,381 - Knowledge - INFO - 🔍 GETTING FROM REDIS - ID: b8464kg, Prefix: knowledge:b8464kg:
2025-11-25 16:46:35,386 - Knowledge - WARNING - ❌ NO DATA FOUND in Redis for IDs: ['b8464kg'], Prefixes tried: ['knowledge:b8464kg:']
2025-11-25 16:46:35,386 - Knowledge - INFO - 📁 Loading knowledge from disk...
2025-11-25 16:46:35,423 - Knowledge - INFO - load persisted docinfo: begin
2025-11-25 16:46:35,423 - Knowledge - INFO - load persisted docinfo: end
2025-11-25 16:46:35,423 - Knowledge - INFO - 🔍 _load_persisted_knowledge called - checking for Redis optimization
2025-11-25 16:46:35,423 - Knowledge - INFO - ✅ load_from_redis method found - attempting Redis load
2025-11-25 16:46:35,423 - Knowledge - INFO - 🔍 Attempting to load knowledge from Redis...
2025-11-25 16:46:35,423 - Knowledge - INFO - 🔍 Using build_ids for Redis lookup: ['b8464kg']
2025-11-25 16:46:35,424 - Knowledge - INFO - 🔍 GETTING FROM REDIS - Requested IDs: ['b8464kg']
2025-11-25 16:46:35,424 - Knowledge - INFO - 🔍 GETTING FROM REDIS - ID: b8464kg, Prefix: knowledge:b8464kg:
2025-11-25 16:46:35,430 - Knowledge - WARNING - ❌ NO DATA FOUND in Redis for IDs: ['b8464kg'], Prefixes tried: ['knowledge:b8464kg:']
2025-11-25 16:46:35,430 - Knowledge - WARNING - ❌ No Redis cache found
2025-11-25 16:46:35,430 - Knowledge - INFO - ❌ Redis load returned False - falling back to file loading
2025-11-25 16:46:35,430 - Knowledge - INFO - load persisted knowledge: begin
2025-11-25 16:46:35,430 - Knowledge - INFO - Loaded 0 files from persisted knowledge
2025-11-25 16:46:35,430 - Knowledge - INFO - load persisted knowledge: end
2025-11-25 16:46:35,430 - Knowledge - INFO - 📁 Disk load complete in 0.04s
2025-11-25 16:46:35,431 - Knowledge - INFO - Populating ingest queue with source files...
2025-11-25 16:46:35,437 - Knowledge - INFO - Added 153 files from /Users/veera/Documents/kavia-backend/graphnode-backend-api/data/rdk7542/224088/b8464kg/entservices-runtime-224088 to ingest queue
2025-11-25 16:46:35,437 - Knowledge - INFO - Worker kw1 created using shared MongoDB connection pool
2025-11-25 16:46:35,438 - Knowledge - INFO - knowledge worker kw1 start
2025-11-25 16:46:35,438 - Knowledge - INFO - Worker kw2 created using shared MongoDB connection pool
2025-11-25 16:46:35,438 - Knowledge - INFO - knowledge worker kw2 start
2025-11-25 16:46:35,438 - Knowledge - INFO - [kw2] Queue=153, InProgress=0, PendingWorkers=0/1, Completed=0/153 (0.0%)
2025-11-25 16:46:35,438 - Knowledge - INFO - Batch sizing: calculated=12, max_allowed=25, queue=153, active_workers=0/1
2025-11-25 16:46:35,438 - Knowledge - INFO - Worker kw3 created using shared MongoDB connection pool
2025-11-25 16:46:35,438 - Knowledge - INFO - Worker kw2 processing /Users/veera/Documents/kavia-backend/graphnode-backend-api/data/rdk7542/224088/b8464kg/entservices-runtime-224088/WebKitBrowser/WebKitBrowser.cpp
2025-11-25 16:46:35,438 - Knowledge - INFO - knowledge worker kw3 start
2025-11-25 16:46:35,439 - Knowledge - INFO - [kw3] Queue=141, InProgress=0, PendingWorkers=1/2, Completed=0/153 (0.0%)
2025-11-25 16:46:35,439 - Knowledge - INFO - Batch sizing: calculated=12, max_allowed=25, queue=141, active_workers=1/2
2025-11-25 16:46:35,439 - Knowledge - INFO - Worker kw4 created using shared MongoDB connection pool
2025-11-25 16:46:35,439 - Knowledge - INFO - knowledge worker kw4 start
2025-11-25 16:46:35,439 - Knowledge - INFO - Worker kw2 processing /Users/veera/Documents/kavia-backend/graphnode-backend-api/data/rdk7542/224088/b8464kg/entservices-runtime-224088/WebKitBrowser/LoggingUtils.cpp
2025-11-25 16:46:35,439 - Knowledge - INFO - Worker kw5 created using shared MongoDB connection pool
2025-11-25 16:46:35,439 - Knowledge - INFO - [kw1] Queue=129, InProgress=0, PendingWorkers=2/4, Completed=0/153 (0.0%)
2025-11-25 16:46:35,439 - Knowledge - INFO - Batch sizing: calculated=12, max_allowed=25, queue=129, active_workers=2/4
2025-11-25 16:46:35,439 - Knowledge - INFO - Worker kw3 processing /Users/veera/Documents/kavia-backend/graphnode-backend-api/data/rdk7542/224088/b8464kg/entservices-runtime-224088/WebKitBrowser/Extension/BridgeObject.h
2025-11-25 16:46:35,439 - Knowledge - INFO - Worker kw2 processing /Users/veera/Documents/kavia-backend/graphnode-backend-api/data/rdk7542/224088/b8464kg/entservices-runtime-224088/WebKitBrowser/CMakeLists.txt
2025-11-25 16:46:35,439 - Knowledge - INFO - knowledge worker kw5 start
2025-11-25 16:46:35,439 - Knowledge - INFO - [kw5] Queue=117, InProgress=0, PendingWorkers=3/4, Completed=0/153 (0.0%)
2025-11-25 16:46:35,439 - Knowledge - INFO - Batch sizing: calculated=12, max_allowed=25, queue=117, active_workers=3/4
2025-11-25 16:46:35,440 - Knowledge - INFO - Worker kw1 processing /Users/veera/Documents/kavia-backend/graphnode-backend-api/data/rdk7542/224088/b8464kg/entservices-runtime-224088/WebKitBrowser/CookieJarCrypto/CMakeLists.txt
2025-11-25 16:46:35,440 - Knowledge - INFO - Worker kw6 created using shared MongoDB connection pool
2025-11-25 16:46:35,440 - Knowledge - INFO - [kw4] Queue=105, InProgress=0, PendingWorkers=4/5, Completed=0/153 (0.0%)
2025-11-25 16:46:35,440 - Knowledge - INFO - Batch sizing: calculated=12, max_allowed=25, queue=105, active_workers=4/5
2025-11-25 16:46:35,440 - Knowledge - INFO - Fast-tracked /Users/veera/Documents/kavia-backend/graphnode-backend-api/data/rdk7542/224088/b8464kg/entservices-runtime-224088/WebKitBrowser/Extension/BridgeObject.h (ext=.h, size=1041)
2025-11-25 16:46:35,440 - Knowledge - INFO - Worker kw3 processing /Users/veera/Documents/kavia-backend/graphnode-backend-api/data/rdk7542/224088/b8464kg/entservices-runtime-224088/WebKitBrowser/Extension/AAMPJSBindings.cpp
2025-11-25 16:46:35,440 - Knowledge - INFO - Worker kw5 processing /Users/veera/Documents/kavia-backend/graphnode-backend-api/data/rdk7542/224088/b8464kg/entservices-runtime-224088/WebKitBrowser/InjectedBundle/CMakeLists.txt
2025-11-25 16:46:35,440 - Knowledge - INFO - knowledge worker kw6 start
2025-11-25 16:46:35,440 - Knowledge - INFO - Fast-tracked /Users/veera/Documents/kavia-backend/graphnode-backend-api/data/rdk7542/224088/b8464kg/entservices-runtime-224088/WebKitBrowser/InjectedBundle/CMakeLists.txt (ext=.txt, size=3391)
2025-11-25 16:46:35,440 - Knowledge - INFO - Worker kw5 processing /Users/veera/Documents/kavia-backend/graphnode-backend-api/data/rdk7542/224088/b8464kg/entservices-runtime-224088/WebKitBrowser/InjectedBundle/BridgeObject.cpp
2025-11-25 16:46:35,440 - Knowledge - INFO - Fast-tracked /Users/veera/Documents/kavia-backend/graphnode-backend-api/data/rdk7542/224088/b8464kg/entservices-runtime-224088/WebKitBrowser/CookieJarCrypto/CMakeLists.txt (ext=.txt, size=1510)
2025-11-25 16:46:35,440 - Knowledge - INFO - Worker kw4 processing /Users/veera/Documents/kavia-backend/graphnode-backend-api/data/rdk7542/224088/b8464kg/entservices-runtime-224088/WebKitBrowser/InjectedBundle/Milestone.cpp
2025-11-25 16:46:35,441 - Knowledge - INFO - Fast-tracked /Users/veera/Documents/kavia-backend/graphnode-backend-api/data/rdk7542/224088/b8464kg/entservices-runtime-224088/WebKitBrowser/CMakeLists.txt (ext=.txt, size=19902)
2025-11-25 16:46:35,441 - Knowledge - INFO - Worker kw3 processing /Users/veera/Documents/kavia-backend/graphnode-backend-api/data/rdk7542/224088/b8464kg/entservices-runtime-224088/WebKitBrowser/Extension/ProcessInfo.h
2025-11-25 16:46:35,441 - Knowledge - INFO - Worker kw7 created using shared MongoDB connection pool
2025-11-25 16:46:35,441 - Knowledge - INFO - Worker kw1 processing /Users/veera/Documents/kavia-backend/graphnode-backend-api/data/rdk7542/224088/b8464kg/entservices-runtime-224088/WebKitBrowser/CookieJarCrypto/CookieJarCryptoExample.h
2025-11-25 16:46:35,441 - Knowledge - INFO - Worker kw5 processing /Users/veera/Documents/kavia-backend/graphnode-backend-api/data/rdk7542/224088/b8464kg/entservices-runtime-224088/WebKitBrowser/InjectedBundle/NotifyWPEFramework.cpp
2025-11-25 16:46:35,441 - Knowledge - INFO - [kw6] Queue=93, InProgress=0, PendingWorkers=5/6, Completed=0/153 (0.0%)
2025-11-25 16:46:35,441 - Knowledge - INFO - Worker kw2 processing /Users/veera/Documents/kavia-backend/graphnode-backend-api/data/rdk7542/224088/b8464kg/entservices-runtime-224088/WebKitBrowser/TimeZone/TimeZoneSupport.h
2025-11-25 16:46:35,441 - Knowledge - INFO - knowledge worker kw7 start
2025-11-25 16:46:35,441 - Knowledge - INFO - Worker kw8 created using shared MongoDB connection pool
2025-11-25 16:46:35,441 - Knowledge - INFO - Worker kw4 processing /Users/veera/Documents/kavia-backend/graphnode-backend-api/data/rdk7542/224088/b8464kg/entservices-runtime-224088/WebKitBrowser/InjectedBundle/Module.h
2025-11-25 16:46:35,441 - Knowledge - INFO - Batch sizing: calculated=10, max_allowed=25, queue=93, active_workers=5/7
2025-11-25 16:46:35,441 - Knowledge - INFO - Fast-tracked /Users/veera/Documents/kavia-backend/graphnode-backend-api/data/rdk7542/224088/b8464kg/entservices-runtime-224088/WebKitBrowser/Extension/ProcessInfo.h (ext=.h, size=902)
2025-11-25 16:46:35,442 - Knowledge - INFO - Worker kw5 processing /Users/veera/Documents/kavia-backend/graphnode-backend-api/data/rdk7542/224088/b8464kg/entservices-runtime-224088/WebKitBrowser/InjectedBundle/WhiteListedOriginDomainsList.cpp
2025-11-25 16:46:35,442 - Knowledge - INFO - [kw7] Queue=93, InProgress=0, PendingWorkers=5/7, Completed=0/153 (0.0%)
2025-11-25 16:46:35,442 - Knowledge - INFO - Fast-tracked /Users/veera/Documents/kavia-backend/graphnode-backend-api/data/rdk7542/224088/b8464kg/entservices-runtime-224088/WebKitBrowser/TimeZone/TimeZoneSupport.h (ext=.h, size=1345)
2025-11-25 16:46:35,442 - Knowledge - INFO - Worker kw1 processing /Users/veera/Documents/kavia-backend/graphnode-backend-api/data/rdk7542/224088/b8464kg/entservices-runtime-224088/WebKitBrowser/cmake/FindAampJSBindings.cmake
2025-11-25 16:46:35,442 - Knowledge - INFO - knowledge worker kw8 start
2025-11-25 16:46:35,442 - Knowledge - INFO - Worker kw9 created using shared MongoDB connection pool
2025-11-25 16:46:35,442 - Knowledge - INFO - Fast-tracked /Users/veera/Documents/kavia-backend/graphnode-backend-api/data/rdk7542/224088/b8464kg/entservices-runtime-224088/WebKitBrowser/InjectedBundle/Module.h (ext=.h, size=921)
2025-11-25 16:46:35,442 - Knowledge - INFO - Worker kw3 processing /Users/veera/Documents/kavia-backend/graphnode-backend-api/data/rdk7542/224088/b8464kg/entservices-runtime-224088/WebKitBrowser/Extension/AAMPJSBindings.h
2025-11-25 16:46:35,442 - Knowledge - INFO - Worker kw6 processing /Users/veera/Documents/kavia-backend/graphnode-backend-api/data/rdk7542/224088/b8464kg/entservices-runtime-224088/WebKitBrowser/HTML5Notification.h
2025-11-25 16:46:35,442 - Knowledge - INFO - Batch sizing: calculated=10, max_allowed=25, queue=93, active_workers=6/8
2025-11-25 16:46:35,442 - Knowledge - INFO - Worker kw2 processing /Users/veera/Documents/kavia-backend/graphnode-backend-api/data/rdk7542/224088/b8464kg/entservices-runtime-224088/WebKitBrowser/TimeZone/TimeZoneSupport.cpp
2025-11-25 16:46:35,442 - Knowledge - INFO - Worker kw5 processing /Users/veera/Documents/kavia-backend/graphnode-backend-api/data/rdk7542/224088/b8464kg/entservices-runtime-224088/WebKitBrowser/InjectedBundle/JavaScriptFunction.cpp
2025-11-25 16:46:35,443 - Knowledge - INFO - Fast-tracked /Users/veera/Documents/kavia-backend/graphnode-backend-api/data/rdk7542/224088/b8464kg/entservices-runtime-224088/WebKitBrowser/cmake/FindAampJSBindings.cmake (ext=.cmake, size=920)
2025-11-25 16:46:35,443 - Knowledge - INFO - Worker kw4 processing /Users/veera/Documents/kavia-backend/graphnode-backend-api/data/rdk7542/224088/b8464kg/entservices-runtime-224088/WebKitBrowser/InjectedBundle/main.cpp
2025-11-25 16:46:35,443 - Knowledge - INFO - [kw8] Queue=83, InProgress=0, PendingWorkers=6/8, Completed=0/153 (0.0%)
2025-11-25 16:46:35,443 - Knowledge - INFO - knowledge worker kw9 start
2025-11-25 16:46:35,443 - Knowledge - INFO - Worker kw10 created using shared MongoDB connection pool
2025-11-25 16:46:35,443 - Knowledge - INFO - Fast-tracked /Users/veera/Documents/kavia-backend/graphnode-backend-api/data/rdk7542/224088/b8464kg/entservices-runtime-224088/WebKitBrowser/Extension/AAMPJSBindings.h (ext=.h, size=1097)
2025-11-25 16:46:35,443 - Knowledge - INFO - Fast-tracked /Users/veera/Documents/kavia-backend/graphnode-backend-api/data/rdk7542/224088/b8464kg/entservices-runtime-224088/WebKitBrowser/HTML5Notification.h (ext=.h, size=1639)
2025-11-25 16:46:35,443 - Knowledge - INFO - Worker kw1 processing /Users/veera/Documents/kavia-backend/graphnode-backend-api/data/rdk7542/224088/b8464kg/entservices-runtime-224088/WebKitBrowser/cmake/FindWPEWebKit.cmake
2025-11-25 16:46:35,443 - Knowledge - INFO - Worker kw7 processing /Users/veera/Documents/kavia-backend/graphnode-backend-api/data/rdk7542/224088/b8464kg/entservices-runtime-224088/cmake/FindPlabels.cmake
2025-11-25 16:46:35,443 - Knowledge - INFO - Batch sizing: calculated=10, max_allowed=25, queue=83, active_workers=7/9
2025-11-25 16:46:35,444 - Knowledge - INFO - Worker kw5 processing /Users/veera/Documents/kavia-backend/graphnode-backend-api/data/rdk7542/224088/b8464kg/entservices-runtime-224088/WebKitBrowser/InjectedBundle/BridgeObject.h
2025-11-25 16:46:35,444 - Knowledge - INFO - Worker kw2 processing /Users/veera/Documents/kavia-backend/graphnode-backend-api/data/rdk7542/224088/b8464kg/entservices-runtime-224088/WebKitBrowser/Extension/WhiteListedOriginDomainsList.h
2025-11-25 16:46:35,444 - Knowledge - INFO - Worker kw4 processing /Users/veera/Documents/kavia-backend/graphnode-backend-api/data/rdk7542/224088/b8464kg/entservices-runtime-224088/WebKitBrowser/InjectedBundle/ClassDefinition.cpp
2025-11-25 16:46:35,444 - Knowledge - INFO - [kw9] Queue=73, InProgress=0, PendingWorkers=7/9, Completed=0/153 (0.0%)
2025-11-25 16:46:35,444 - Knowledge - INFO - Worker kw3 processing /Users/veera/Documents/kavia-backend/graphnode-backend-api/data/rdk7542/224088/b8464kg/entservices-runtime-224088/WebKitBrowser/Extension/NotifyWPEFramework.h
2025-11-25 16:46:35,444 - Knowledge - INFO - knowledge worker kw10 start
2025-11-25 16:46:35,444 - Knowledge - INFO - Worker kw11 created using shared MongoDB connection pool
2025-11-25 16:46:35,444 - Knowledge - INFO - Worker kw6 processing /Users/veera/Documents/kavia-backend/graphnode-backend-api/data/rdk7542/224088/b8464kg/entservices-runtime-224088/WebKitBrowser/WebKitBrowserJsonRpc.cpp
2025-11-25 16:46:35,444 - Knowledge - INFO - Worker kw1 processing /Users/veera/Documents/kavia-backend/graphnode-backend-api/data/rdk7542/224088/b8464kg/entservices-runtime-224088/WebKitBrowser/cmake/FindWPEBackend.cmake
2025-11-25 16:46:35,444 - Knowledge - INFO - Fast-tracked /Users/veera/Documents/kavia-backend/graphnode-backend-api/data/rdk7542/224088/b8464kg/entservices-runtime-224088/cmake/FindPlabels.cmake (ext=.cmake, size=1051)
2025-11-25 16:46:35,445 - Knowledge - INFO - Fast-tracked /Users/veera/Documents/kavia-backend/graphnode-backend-api/data/rdk7542/224088/b8464kg/entservices-runtime-224088/WebKitBrowser/InjectedBundle/BridgeObject.h (ext=.h, size=1073)
2025-11-25 16:46:35,445 - Knowledge - INFO - Worker kw8 processing /Users/veera/Documents/kavia-backend/graphnode-backend-api/data/rdk7542/224088/b8464kg/entservices-runtime-224088/cmake/FindSqlite.cmake
2025-11-25 16:46:35,445 - Knowledge - INFO - Fast-tracked /Users/veera/Documents/kavia-backend/graphnode-backend-api/data/rdk7542/224088/b8464kg/entservices-runtime-224088/WebKitBrowser/Extension/WhiteListedOriginDomainsList.h (ext=.h, size=1749)
2025-11-25 16:46:35,445 - Knowledge - INFO - Worker kw4 processing /Users/veera/Documents/kavia-backend/graphnode-backend-api/data/rdk7542/224088/b8464kg/entservices-runtime-224088/WebKitBrowser/InjectedBundle/JavaScriptFunction.h
2025-11-25 16:46:35,445 - Knowledge - INFO - Batch sizing: calculated=10, max_allowed=25, queue=73, active_workers=8/10
2025-11-25 16:46:35,445 - Knowledge - INFO - [kw10] Queue=63, InProgress=0, PendingWorkers=8/10, Completed=0/153 (0.0%)
2025-11-25 16:46:35,446 - Knowledge - INFO - Fast-tracked /Users/veera/Documents/kavia-backend/graphnode-backend-api/data/rdk7542/224088/b8464kg/entservices-runtime-224088/WebKitBrowser/Extension/NotifyWPEFramework.h (ext=.h, size=974)
2025-11-25 16:46:35,446 - Knowledge - INFO - knowledge worker kw11 start
2025-11-25 16:46:35,446 - Knowledge - INFO - Worker kw12 created using shared MongoDB connection pool
2025-11-25 16:46:35,446 - Knowledge - INFO - Worker kw6 processing /Users/veera/Documents/kavia-backend/graphnode-backend-api/data/rdk7542/224088/b8464kg/entservices-runtime-224088/WebKitBrowser/LoggingUtils.h
2025-11-25 16:46:35,446 - Knowledge - INFO - Worker kw7 processing /Users/veera/Documents/kavia-backend/graphnode-backend-api/data/rdk7542/224088/b8464kg/entservices-runtime-224088/cmake/FindCTRLM.cmake
2025-11-25 16:46:35,446 - Knowledge - INFO - Worker kw1 processing /Users/veera/Documents/kavia-backend/graphnode-backend-api/data/rdk7542/224088/b8464kg/entservices-runtime-224088/WebKitBrowser/CookieJar.cpp
2025-11-25 16:46:35,446 - Knowledge - INFO - Worker kw5 processing /Users/veera/Documents/kavia-backend/graphnode-backend-api/data/rdk7542/224088/b8464kg/entservices-runtime-224088/WebKitBrowser/InjectedBundle/AAMPJSBindings.cpp
2025-11-25 16:46:35,446 - Knowledge - INFO - Worker kw2 processing /Users/veera/Documents/kavia-backend/graphnode-backend-api/data/rdk7542/224088/b8464kg/entservices-runtime-224088/WebKitBrowser/Extension/RequestHeaders.cpp
2025-11-25 16:46:35,446 - Knowledge - INFO - Fast-tracked /Users/veera/Documents/kavia-backend/graphnode-backend-api/data/rdk7542/224088/b8464kg/entservices-runtime-224088/cmake/FindSqlite.cmake (ext=.cmake, size=771)
2025-11-25 16:46:35,446 - Knowledge - INFO - Batch sizing: calculated=10, max_allowed=25, queue=63, active_workers=9/11
2025-11-25 16:46:35,446 - Knowledge - INFO - Worker kw9 processing /Users/veera/Documents/kavia-backend/graphnode-backend-api/data/rdk7542/224088/b8464kg/entservices-runtime-224088/cmake/FindAC.cmake
2025-11-25 16:46:35,446 - Knowledge - INFO - Fast-tracked /Users/veera/Documents/kavia-backend/graphnode-backend-api/data/rdk7542/224088/b8464kg/entservices-runtime-224088/WebKitBrowser/InjectedBundle/JavaScriptFunction.h (ext=.h, size=1649)
2025-11-25 16:46:35,447 - Knowledge - INFO - Worker kw3 processing /Users/veera/Documents/kavia-backend/graphnode-backend-api/data/rdk7542/224088/b8464kg/entservices-runtime-224088/WebKitBrowser/Extension/RequestHeaders.h
2025-11-25 16:46:35,447 - Knowledge - INFO - [kw11] Queue=53, InProgress=0, PendingWorkers=9/11, Completed=0/153 (0.0%)
2025-11-25 16:46:35,447 - Knowledge - INFO - knowledge worker kw12 start
2025-11-25 16:46:35,447 - Knowledge - INFO - Fast-tracked /Users/veera/Documents/kavia-backend/graphnode-backend-api/data/rdk7542/224088/b8464kg/entservices-runtime-224088/WebKitBrowser/LoggingUtils.h (ext=.h, size=874)
2025-11-25 16:46:35,447 - Knowledge - INFO - Worker kw13 created using shared MongoDB connection pool
2025-11-25 16:46:35,447 - Knowledge - INFO - Fast-tracked /Users/veera/Documents/kavia-backend/graphnode-backend-api/data/rdk7542/224088/b8464kg/entservices-runtime-224088/cmake/FindCTRLM.cmake (ext=.cmake, size=1245)
2025-11-25 16:46:35,447 - Knowledge - INFO - Worker kw1 processing /Users/veera/Documents/kavia-backend/graphnode-backend-api/data/rdk7542/224088/b8464kg/entservices-runtime-224088/WebKitBrowser/CHANGELOG.md
2025-11-25 16:46:35,447 - Knowledge - INFO - Worker kw5 processing /Users/veera/Documents/kavia-backend/graphnode-backend-api/data/rdk7542/224088/b8464kg/entservices-runtime-224088/WebKitBrowser/InjectedBundle/JavaScriptFunctionType.h
2025-11-25 16:46:35,447 - Knowledge - INFO - Worker kw8 processing /Users/veera/Documents/kavia-backend/graphnode-backend-api/data/rdk7542/224088/b8464kg/entservices-runtime-224088/cmake/FindBCM_HOST.cmake
2025-11-25 16:46:35,447 - Knowledge - INFO - Worker kw2 processing /Users/veera/Documents/kavia-backend/graphnode-backend-api/data/rdk7542/224088/b8464kg/entservices-runtime-224088/WebKitBrowser/Extension/CMakeLists.txt
2025-11-25 16:46:35,448 - Knowledge - INFO - Worker kw10 processing /Users/veera/Documents/kavia-backend/graphnode-backend-api/data/rdk7542/224088/b8464kg/entservices-runtime-224088/helpers/PowerManagerInterface.h
2025-11-25 16:46:35,448 - Knowledge - INFO - Fast-tracked /Users/veera/Documents/kavia-backend/graphnode-backend-api/data/rdk7542/224088/b8464kg/entservices-runtime-224088/cmake/FindAC.cmake (ext=.cmake, size=1567)
2025-11-25 16:46:35,448 - Knowledge - INFO - Worker kw4 processing /Users/veera/Documents/kavia-backend/graphnode-backend-api/data/rdk7542/224088/b8464kg/entservices-runtime-224088/WebKitBrowser/InjectedBundle/Milestone.h
2025-11-25 16:46:35,448 - Knowledge - INFO - Fast-tracked /Users/veera/Documents/kavia-backend/graphnode-backend-api/data/rdk7542/224088/b8464kg/entservices-runtime-224088/WebKitBrowser/Extension/RequestHeaders.h (ext=.h, size=1012)
2025-11-25 16:46:35,448 - Knowledge - INFO - Batch sizing: calculated=10, max_allowed=25, queue=53, active_workers=10/12
2025-11-25 16:46:35,448 - Knowledge - INFO - Worker kw6 processing /Users/veera/Documents/kavia-backend/graphnode-backend-api/data/rdk7542/224088/b8464kg/entservices-runtime-224088/WebKitBrowser/doc/javascript/CORS/test.html
2025-11-25 16:46:35,448 - Knowledge - INFO - knowledge worker kw13 start
2025-11-25 16:46:35,448 - Knowledge - INFO - [kw12] Queue=43, InProgress=0, PendingWorkers=10/12, Completed=0/153 (0.0%)
2025-11-25 16:46:35,448 - Knowledge - INFO - Worker kw14 created using shared MongoDB connection pool
2025-11-25 16:46:35,448 - Knowledge - INFO - Worker kw7 processing /Users/veera/Documents/kavia-backend/graphnode-backend-api/data/rdk7542/224088/b8464kg/entservices-runtime-224088/cmake/FindNopoll.cmake
2025-11-25 16:46:35,448 - Knowledge - INFO - Fast-tracked /Users/veera/Documents/kavia-backend/graphnode-backend-api/data/rdk7542/224088/b8464kg/entservices-runtime-224088/WebKitBrowser/CHANGELOG.md (ext=.md, size=1015)
2025-11-25 16:46:35,449 - Knowledge - INFO - Worker kw5 processing /Users/veera/Documents/kavia-backend/graphnode-backend-api/data/rdk7542/224088/b8464kg/entservices-runtime-224088/WebKitBrowser/InjectedBundle/AAMPJSBindings.h
2025-11-25 16:46:35,449 - Knowledge - INFO - Worker kw8 processing /Users/veera/Documents/kavia-backend/graphnode-backend-api/data/rdk7542/224088/b8464kg/entservices-runtime-224088/cmake/FindDL.cmake
2025-11-25 16:46:35,449 - Knowledge - INFO - Worker kw9 processing /Users/veera/Documents/kavia-backend/graphnode-backend-api/data/rdk7542/224088/b8464kg/entservices-runtime-224088/cmake/FindLibSoup.cmake
2025-11-25 16:46:35,449 - Knowledge - INFO - Fast-tracked /Users/veera/Documents/kavia-backend/graphnode-backend-api/data/rdk7542/224088/b8464kg/entservices-runtime-224088/WebKitBrowser/Extension/CMakeLists.txt (ext=.txt, size=3253)
2025-11-25 16:46:35,449 - Knowledge - INFO - Fast-tracked /Users/veera/Documents/kavia-backend/graphnode-backend-api/data/rdk7542/224088/b8464kg/entservices-runtime-224088/helpers/PowerManagerInterface.h (ext=.h, size=1006)
2025-11-25 16:46:35,449 - Knowledge - INFO - Worker kw3 processing /Users/veera/Documents/kavia-backend/graphnode-backend-api/data/rdk7542/224088/b8464kg/entservices-runtime-224088/WebKitBrowser/Extension/SecurityAgent.h
2025-11-25 16:46:35,449 - Knowledge - INFO - Worker kw11 processing /Users/veera/Documents/kavia-backend/graphnode-backend-api/data/rdk7542/224088/b8464kg/entservices-runtime-224088/helpers/WebSockets/CommunicationInterface/JsonRpcInterface.h
2025-11-25 16:46:35,449 - Knowledge - INFO - Batch sizing: calculated=10, max_allowed=25, queue=43, active_workers=11/13
2025-11-25 16:46:35,449 - Knowledge - INFO - [kw13] Queue=33, InProgress=0, PendingWorkers=11/13, Completed=0/153 (0.0%)
2025-11-25 16:46:35,449 - Knowledge - INFO - Fast-tracked /Users/veera/Documents/kavia-backend/graphnode-backend-api/data/rdk7542/224088/b8464kg/entservices-runtime-224088/WebKitBrowser/doc/javascript/CORS/test.html (ext=.html, size=421)
2025-11-25 16:46:35,449 - Knowledge - INFO - Fast-tracked /Users/veera/Documents/kavia-backend/graphnode-backend-api/data/rdk7542/224088/b8464kg/entservices-runtime-224088/WebKitBrowser/InjectedBundle/Milestone.h (ext=.h, size=1156)
2025-11-25 16:46:35,450 - Knowledge - INFO - Fast-tracked /Users/veera/Documents/kavia-backend/graphnode-backend-api/data/rdk7542/224088/b8464kg/entservices-runtime-224088/cmake/FindNopoll.cmake (ext=.cmake, size=1155)
2025-11-25 16:46:35,450 - Knowledge - INFO - knowledge worker kw14 start
2025-11-25 16:46:35,450 - Knowledge - INFO - Worker kw1 processing /Users/veera/Documents/kavia-backend/graphnode-backend-api/data/rdk7542/224088/b8464kg/entservices-runtime-224088/WebKitBrowser/InjectedBundle/HawaiiMessage.cpp
2025-11-25 16:46:35,450 - Knowledge - INFO - Worker kw15 created using shared MongoDB connection pool
2025-11-25 16:46:35,450 - Knowledge - INFO - Fast-tracked /Users/veera/Documents/kavia-backend/graphnode-backend-api/data/rdk7542/224088/b8464kg/entservices-runtime-224088/WebKitBrowser/InjectedBundle/AAMPJSBindings.h (ext=.h, size=1079)
2025-11-25 16:46:35,450 - Knowledge - INFO - Fast-tracked /Users/veera/Documents/kavia-backend/graphnode-backend-api/data/rdk7542/224088/b8464kg/entservices-runtime-224088/cmake/FindDL.cmake (ext=.cmake, size=796)
2025-11-25 16:46:35,450 - Knowledge - INFO - Fast-tracked /Users/veera/Documents/kavia-backend/graphnode-backend-api/data/rdk7542/224088/b8464kg/entservices-runtime-224088/cmake/FindLibSoup.cmake (ext=.cmake, size=1398)
2025-11-25 16:46:35,450 - Knowledge - INFO - Worker kw2 processing /Users/veera/Documents/kavia-backend/graphnode-backend-api/data/rdk7542/224088/b8464kg/entservices-runtime-224088/WebKitBrowser/Extension/BridgeObject.cpp
2025-11-25 16:46:35,450 - Knowledge - INFO - Worker kw10 processing /Users/veera/Documents/kavia-backend/graphnode-backend-api/data/rdk7542/224088/b8464kg/entservices-runtime-224088/helpers/UtilsBIT.h
2025-11-25 16:46:35,450 - Knowledge - INFO - Fast-tracked /Users/veera/Documents/kavia-backend/graphnode-backend-api/data/rdk7542/224088/b8464kg/entservices-runtime-224088/WebKitBrowser/Extension/SecurityAgent.h (ext=.h, size=963)
2025-11-25 16:46:35,450 - Knowledge - INFO - Worker kw11 processing /Users/veera/Documents/kavia-backend/graphnode-backend-api/data/rdk7542/224088/b8464kg/entservices-runtime-224088/helpers/WebSockets/CommunicationInterface/BinaryInterface.h
2025-11-25 16:46:35,450 - Knowledge - INFO - Batch sizing: calculated=10, max_allowed=25, queue=33, active_workers=12/14
2025-11-25 16:46:35,450 - Knowledge - INFO - Worker kw12 processing /Users/veera/Documents/kavia-backend/graphnode-backend-api/data/rdk7542/224088/b8464kg/entservices-runtime-224088/helpers/WebSockets/Roles/Client.h
2025-11-25 16:46:35,451 - Knowledge - INFO - Worker kw6 processing /Users/veera/Documents/kavia-backend/graphnode-backend-api/data/rdk7542/224088/b8464kg/entservices-runtime-224088/WebKitBrowser/doc/WebKitBrowserPlugin.md
2025-11-25 16:46:35,451 - Knowledge - INFO - Worker kw4 processing /Users/veera/Documents/kavia-backend/graphnode-backend-api/data/rdk7542/224088/b8464kg/entservices-runtime-224088/WebKitBrowser/InjectedBundle/SecurityAgent.cpp
2025-11-25 16:46:35,451 - Knowledge - INFO - Worker kw7 processing /Users/veera/Documents/kavia-backend/graphnode-backend-api/data/rdk7542/224088/b8464kg/entservices-runtime-224088/cmake/FindLMPLAYER.cmake
2025-11-25 16:46:35,451 - Knowledge - INFO - [kw14] Queue=23, InProgress=0, PendingWorkers=12/14, Completed=0/153 (0.0%)
2025-11-25 16:46:35,451 - Knowledge - INFO - Worker kw1 processing /Users/veera/Documents/kavia-backend/graphnode-backend-api/data/rdk7542/224088/b8464kg/entservices-runtime-224088/WebKitBrowser/InjectedBundle/WhiteListedOriginDomainsList.h
2025-11-25 16:46:35,451 - Knowledge - INFO - Worker kw5 processing /Users/veera/Documents/kavia-backend/graphnode-backend-api/data/rdk7542/224088/b8464kg/entservices-runtime-224088/WebKitBrowser/InjectedBundle/NotifyWPEFramework.h
2025-11-25 16:46:35,451 - Knowledge - INFO - knowledge worker kw15 start
2025-11-25 16:46:35,451 - Knowledge - INFO - Worker kw8 processing /Users/veera/Documents/kavia-backend/graphnode-backend-api/data/rdk7542/224088/b8464kg/entservices-runtime-224088/cmake/FindUdev.cmake
2025-11-25 16:46:35,451 - Knowledge - INFO - Worker kw16 created using shared MongoDB connection pool
2025-11-25 16:46:35,451 - Knowledge - INFO - Worker kw9 processing /Users/veera/Documents/kavia-backend/graphnode-backend-api/data/rdk7542/224088/b8464kg/entservices-runtime-224088/cmake/FindNXCLIENT.cmake
2025-11-25 16:46:35,452 - Knowledge - INFO - Worker kw2 processing /Users/veera/Documents/kavia-backend/graphnode-backend-api/data/rdk7542/224088/b8464kg/entservices-runtime-224088/WebKitBrowser/Extension/NotifyWPEFramework.cpp
2025-11-25 16:46:35,452 - Knowledge - INFO - Worker kw3 processing /Users/veera/Documents/kavia-backend/graphnode-backend-api/data/rdk7542/224088/b8464kg/entservices-runtime-224088/WebKitBrowser/Extension/Milestone.cpp
2025-11-25 16:46:35,452 - Knowledge - INFO - Fast-tracked /Users/veera/Documents/kavia-backend/graphnode-backend-api/data/rdk7542/224088/b8464kg/entservices-runtime-224088/helpers/UtilsBIT.h (ext=.h, size=1312)
2025-11-25 16:46:35,452 - Knowledge - INFO - Fast-tracked /Users/veera/Documents/kavia-backend/graphnode-backend-api/data/rdk7542/224088/b8464kg/entservices-runtime-224088/helpers/WebSockets/CommunicationInterface/BinaryInterface.h (ext=.h, size=1699)
2025-11-25 16:46:35,452 - Knowledge - INFO - Worker kw13 processing /Users/veera/Documents/kavia-backend/graphnode-backend-api/data/rdk7542/224088/b8464kg/entservices-runtime-224088/helpers/UtilsLogging.h
2025-11-25 16:46:35,452 - Knowledge - INFO - Worker kw12 processing /Users/veera/Documents/kavia-backend/graphnode-backend-api/data/rdk7542/224088/b8464kg/entservices-runtime-224088/helpers/WebSockets/Roles/SingleClientServer.h
2025-11-25 16:46:35,452 - Knowledge - INFO - Worker kw4 processing /Users/veera/Documents/kavia-backend/graphnode-backend-api/data/rdk7542/224088/b8464kg/entservices-runtime-224088/WebKitBrowser/Module.cpp
2025-11-25 16:46:35,452 - Knowledge - INFO - Fast-tracked /Users/veera/Documents/kavia-backend/graphnode-backend-api/data/rdk7542/224088/b8464kg/entservices-runtime-224088/WebKitBrowser/doc/WebKitBrowserPlugin.md (ext=.md, size=373)
2025-11-25 16:46:35,452 - Knowledge - INFO - Batch sizing: calculated=10, max_allowed=25, queue=23, active_workers=13/15
2025-11-25 16:46:35,452 - Knowledge - INFO - Fast-tracked /Users/veera/Documents/kavia-backend/graphnode-backend-api/data/rdk7542/224088/b8464kg/entservices-runtime-224088/cmake/FindLMPLAYER.cmake (ext=.cmake, size=1899)
2025-11-25 16:46:35,452 - Knowledge - INFO - Fast-tracked /Users/veera/Documents/kavia-backend/graphnode-backend-api/data/rdk7542/224088/b8464kg/entservices-runtime-224088/WebKitBrowser/InjectedBundle/WhiteListedOriginDomainsList.h (ext=.h, size=1720)
2025-11-25 16:46:35,452 - Knowledge - INFO - Fast-tracked /Users/veera/Documents/kavia-backend/graphnode-backend-api/data/rdk7542/224088/b8464kg/entservices-runtime-224088/WebKitBrowser/InjectedBundle/NotifyWPEFramework.h (ext=.h, size=1306)
2025-11-25 16:46:35,453 - Knowledge - INFO - [kw15] Queue=13, InProgress=0, PendingWorkers=13/15, Completed=0/153 (0.0%)
2025-11-25 16:46:35,453 - Knowledge - INFO - Fast-tracked /Users/veera/Documents/kavia-backend/graphnode-backend-api/data/rdk7542/224088/b8464kg/entservices-runtime-224088/cmake/FindUdev.cmake (ext=.cmake, size=769)
2025-11-25 16:46:35,453 - Knowledge - INFO - knowledge worker kw16 start
2025-11-25 16:46:35,453 - Knowledge - INFO - Worker kw17 created using shared MongoDB connection pool
2025-11-25 16:46:35,453 - Knowledge - INFO - Fast-tracked /Users/veera/Documents/kavia-backend/graphnode-backend-api/data/rdk7542/224088/b8464kg/entservices-runtime-224088/cmake/FindNXCLIENT.cmake (ext=.cmake, size=1813)
2025-11-25 16:46:35,453 - Knowledge - INFO - Fast-tracked /Users/veera/Documents/kavia-backend/graphnode-backend-api/data/rdk7542/224088/b8464kg/entservices-runtime-224088/WebKitBrowser/Extension/NotifyWPEFramework.cpp (ext=.cpp, size=1649)
2025-11-25 16:46:35,453 - Knowledge - INFO - Worker kw10 processing /Users/veera/Documents/kavia-backend/graphnode-backend-api/data/rdk7542/224088/b8464kg/entservices-runtime-224088/helpers/UtilsString.h
2025-11-25 16:46:35,453 - Knowledge - INFO - Worker kw11 processing /Users/veera/Documents/kavia-backend/graphnode-backend-api/data/rdk7542/224088/b8464kg/entservices-runtime-224088/helpers/WebSockets/Encryption/NoEncryption.h
2025-11-25 16:46:35,453 - Knowledge - INFO - Fast-tracked /Users/veera/Documents/kavia-backend/graphnode-backend-api/data/rdk7542/224088/b8464kg/entservices-runtime-224088/WebKitBrowser/Extension/Milestone.cpp (ext=.cpp, size=1879)
2025-11-25 16:46:35,453 - Knowledge - INFO - Worker kw6 processing /Users/veera/Documents/kavia-backend/graphnode-backend-api/data/rdk7542/224088/b8464kg/entservices-runtime-224088/WebKitBrowser/Tags.h
2025-11-25 16:46:35,453 - Knowledge - INFO - Worker kw12 processing /Users/veera/Documents/kavia-backend/graphnode-backend-api/data/rdk7542/224088/b8464kg/entservices-runtime-224088/helpers/WebSockets/PingPong/PingPongEnabled.h
2025-11-25 16:46:35,453 - Knowledge - INFO - Fast-tracked /Users/veera/Documents/kavia-backend/graphnode-backend-api/data/rdk7542/224088/b8464kg/entservices-runtime-224088/helpers/UtilsLogging.h (ext=.h, size=1834)
2025-11-25 16:46:35,453 - Knowledge - INFO - Fast-tracked /Users/veera/Documents/kavia-backend/graphnode-backend-api/data/rdk7542/224088/b8464kg/entservices-runtime-224088/WebKitBrowser/Module.cpp (ext=.cpp, size=781)
2025-11-25 16:46:35,454 - Knowledge - INFO - Worker kw7 processing /Users/veera/Documents/kavia-backend/graphnode-backend-api/data/rdk7542/224088/b8464kg/entservices-runtime-224088/cmake/FindCurl.cmake
2025-11-25 16:46:35,454 - Knowledge - INFO - Worker kw14 processing /Users/veera/Documents/kavia-backend/graphnode-backend-api/data/rdk7542/224088/b8464kg/entservices-runtime-224088/helpers/UtilsUnused.h
2025-11-25 16:46:35,454 - Knowledge - INFO - Worker kw1 processing /Users/veera/Documents/kavia-backend/graphnode-backend-api/data/rdk7542/224088/b8464kg/entservices-runtime-224088/WebKitBrowser/InjectedBundle/Utils.h
2025-11-25 16:46:35,454 - Knowledge - INFO - Worker kw5 processing /Users/veera/Documents/kavia-backend/graphnode-backend-api/data/rdk7542/224088/b8464kg/entservices-runtime-224088/WebKitBrowser/InjectedBundle/RequestHeaders.h
2025-11-25 16:46:35,454 - Knowledge - INFO - Batch sizing: calculated=10, max_allowed=25, queue=13, active_workers=14/16
2025-11-25 16:46:35,454 - Knowledge - INFO - Worker kw8 processing /Users/veera/Documents/kavia-backend/graphnode-backend-api/data/rdk7542/224088/b8464kg/entservices-runtime-224088/cmake/FindDS.cmake
2025-11-25 16:46:35,454 - Knowledge - INFO - knowledge worker kw17 start
2025-11-25 16:46:35,454 - Knowledge - INFO - [kw16] Queue=3, InProgress=0, PendingWorkers=14/16, Completed=0/153 (0.0%)
2025-11-25 16:46:35,454 - Knowledge - INFO - Worker kw18 created using shared MongoDB connection pool
2025-11-25 16:46:35,454 - Knowledge - INFO - Worker kw9 processing /Users/veera/Documents/kavia-backend/graphnode-backend-api/data/rdk7542/224088/b8464kg/entservices-runtime-224088/CHANGELOG.md
2025-11-25 16:46:35,454 - Knowledge - INFO - Worker kw2 processing /Users/veera/Documents/kavia-backend/graphnode-backend-api/data/rdk7542/224088/b8464kg/entservices-runtime-224088/WebKitBrowser/Extension/WhiteListedOriginDomainsList.cpp
2025-11-25 16:46:35,454 - Knowledge - INFO - Worker kw10 processing /Users/veera/Documents/kavia-backend/graphnode-backend-api/data/rdk7542/224088/b8464kg/entservices-runtime-224088/helpers/cSettings.h
2025-11-25 16:46:35,455 - Knowledge - INFO - Worker kw3 processing /Users/veera/Documents/kavia-backend/graphnode-backend-api/data/rdk7542/224088/b8464kg/entservices-runtime-224088/WebKitBrowser/Extension/Module.h
2025-11-25 16:46:35,455 - Knowledge - INFO - Fast-tracked /Users/veera/Documents/kavia-backend/graphnode-backend-api/data/rdk7542/224088/b8464kg/entservices-runtime-224088/helpers/WebSockets/Encryption/NoEncryption.h (ext=.h, size=1649)
2025-11-25 16:46:35,455 - Knowledge - INFO - Fast-tracked /Users/veera/Documents/kavia-backend/graphnode-backend-api/data/rdk7542/224088/b8464kg/entservices-runtime-224088/WebKitBrowser/Tags.h (ext=.h, size=1051)
2025-11-25 16:46:35,455 - Knowledge - INFO - Worker kw13 processing /Users/veera/Documents/kavia-backend/graphnode-backend-api/data/rdk7542/224088/b8464kg/entservices-runtime-224088/helpers/UtilsIarm.h
2025-11-25 16:46:35,455 - Knowledge - INFO - Worker kw4 processing /Users/veera/Documents/kavia-backend/graphnode-backend-api/data/rdk7542/224088/b8464kg/entservices-runtime-224088/WebKitBrowser/CookieJar.h
2025-11-25 16:46:35,455 - Knowledge - INFO - Worker kw12 processing /Users/veera/Documents/kavia-backend/graphnode-backend-api/data/rdk7542/224088/b8464kg/entservices-runtime-224088/helpers/WebSockets/PingPong/PingPongDisabled.h
2025-11-25 16:46:35,455 - Knowledge - INFO - Fast-tracked /Users/veera/Documents/kavia-backend/graphnode-backend-api/data/rdk7542/224088/b8464kg/entservices-runtime-224088/cmake/FindCurl.cmake (ext=.cmake, size=1002)
2025-11-25 16:46:35,456 - Knowledge - INFO - Fast-tracked /Users/veera/Documents/kavia-backend/graphnode-backend-api/data/rdk7542/224088/b8464kg/entservices-runtime-224088/helpers/UtilsUnused.h (ext=.h, size=750)
2025-11-25 16:46:35,456 - Knowledge - INFO - Fast-tracked /Users/veera/Documents/kavia-backend/graphnode-backend-api/data/rdk7542/224088/b8464kg/entservices-runtime-224088/WebKitBrowser/InjectedBundle/Utils.h (ext=.h, size=1335)
2025-11-25 16:46:35,456 - Knowledge - INFO - Fast-tracked /Users/veera/Documents/kavia-backend/graphnode-backend-api/data/rdk7542/224088/b8464kg/entservices-runtime-224088/WebKitBrowser/InjectedBundle/RequestHeaders.h (ext=.h, size=1085)
2025-11-25 16:46:35,456 - Knowledge - INFO - Worker kw15 processing /Users/veera/Documents/kavia-backend/graphnode-backend-api/data/rdk7542/224088/b8464kg/entservices-runtime-224088/PerformanceMetrics/TraceOutput.cpp
2025-11-25 16:46:35,463 - Knowledge - INFO - Batch sizing: calculated=3, max_allowed=25, queue=3, active_workers=15/17
2025-11-25 16:46:35,475 - Knowledge - INFO - knowledge worker kw18 start
2025-11-25 16:46:35,487 - Knowledge - INFO - Fast-tracked /Users/veera/Documents/kavia-backend/graphnode-backend-api/data/rdk7542/224088/b8464kg/entservices-runtime-224088/cmake/FindDS.cmake (ext=.cmake, size=1842)
2025-11-25 16:46:35,487 - Knowledge - INFO - Worker kw19 created using shared MongoDB connection pool
2025-11-25 16:46:35,506 - Knowledge - INFO - Fast-tracked /Users/veera/Documents/kavia-backend/graphnode-backend-api/data/rdk7542/224088/b8464kg/entservices-runtime-224088/CHANGELOG.md (ext=.md, size=5561)
2025-11-25 16:46:35,512 - Knowledge - INFO - Fast-tracked /Users/veera/Documents/kavia-backend/graphnode-backend-api/data/rdk7542/224088/b8464kg/entservices-runtime-224088/WebKitBrowser/Extension/Module.h (ext=.h, size=917)
2025-11-25 16:46:35,512 - Knowledge - INFO - Worker kw10 processing /Users/veera/Documents/kavia-backend/graphnode-backend-api/data/rdk7542/224088/b8464kg/entservices-runtime-224088/helpers/UtilsProcess.h
2025-11-25 16:46:35,524 - Knowledge - INFO - Worker kw2 processing /Users/veera/Documents/kavia-backend/graphnode-backend-api/data/rdk7542/224088/b8464kg/entservices-runtime-224088/WebKitBrowser/Extension/ProcessInfo.cpp
2025-11-25 16:46:35,532 - Knowledge - INFO - Worker kw11 processing /Users/veera/Documents/kavia-backend/graphnode-backend-api/data/rdk7542/224088/b8464kg/entservices-runtime-224088/helpers/WebSockets/Encryption/TlsEnabled.h
2025-11-25 16:46:35,550 - Knowledge - INFO - Worker kw6 processing /Users/veera/Documents/kavia-backend/graphnode-backend-api/data/rdk7542/224088/b8464kg/entservices-runtime-224088/WebKitBrowser/Module.h
2025-11-25 16:46:35,587 - Knowledge - INFO - Worker kw13 processing /Users/veera/Documents/kavia-backend/graphnode-backend-api/data/rdk7542/224088/b8464kg/entservices-runtime-224088/helpers/UtilsLOG_MILESTONE.h
2025-11-25 16:46:35,594 - Knowledge - INFO - Fast-tracked /Users/veera/Documents/kavia-backend/graphnode-backend-api/data/rdk7542/224088/b8464kg/entservices-runtime-224088/WebKitBrowser/CookieJar.h (ext=.h, size=1725)
2025-11-25 16:46:35,606 - Knowledge - INFO - Worker kw7 processing /Users/veera/Documents/kavia-backend/graphnode-backend-api/data/rdk7542/224088/b8464kg/entservices-runtime-224088/cmake/FindGLIB.cmake
2025-11-25 16:46:35,618 - Knowledge - INFO - Worker kw14 processing /Users/veera/Documents/kavia-backend/graphnode-backend-api/data/rdk7542/224088/b8464kg/entservices-runtime-224088/helpers/UtilsfileExists.h
2025-11-25 16:46:35,624 - Knowledge - INFO - Worker kw1 processing /Users/veera/Documents/kavia-backend/graphnode-backend-api/data/rdk7542/224088/b8464kg/entservices-runtime-224088/WebKitBrowser/InjectedBundle/RequestHeaders.cpp
2025-11-25 16:46:35,630 - Knowledge - INFO - Fast-tracked /Users/veera/Documents/kavia-backend/graphnode-backend-api/data/rdk7542/224088/b8464kg/entservices-runtime-224088/helpers/WebSockets/PingPong/PingPongDisabled.h (ext=.h, size=1228)
2025-11-25 16:46:35,638 - Knowledge - INFO - Worker kw5 processing /Users/veera/Documents/kavia-backend/graphnode-backend-api/data/rdk7542/224088/b8464kg/entservices-runtime-224088/WebKitBrowser/InjectedBundle/ClassDefinition.h
2025-11-25 16:46:35,663 - Knowledge - INFO - Worker kw15 processing /Users/veera/Documents/kavia-backend/graphnode-backend-api/data/rdk7542/224088/b8464kg/entservices-runtime-224088/PerformanceMetrics/Module.h
2025-11-25 16:46:35,663 - Knowledge - INFO - Worker kw8 processing /Users/veera/Documents/kavia-backend/graphnode-backend-api/data/rdk7542/224088/b8464kg/entservices-runtime-224088/cmake/FindTTS.cmake
2025-11-25 16:46:35,676 - Knowledge - INFO - Worker kw9 processing /Users/veera/Documents/kavia-backend/graphnode-backend-api/data/rdk7542/224088/b8464kg/entservices-runtime-224088/README.md
2025-11-25 16:46:35,676 - Knowledge - INFO - knowledge worker kw19 start
2025-11-25 16:46:35,676 - Knowledge - INFO - Worker kw3 processing /Users/veera/Documents/kavia-backend/graphnode-backend-api/data/rdk7542/224088/b8464kg/entservices-runtime-224088/WebKitBrowser/Extension/main.cpp
2025-11-25 16:46:35,676 - Knowledge - INFO - Worker kw20 created using shared MongoDB connection pool
2025-11-25 16:46:35,700 - Knowledge - INFO - Fast-tracked /Users/veera/Documents/kavia-backend/graphnode-backend-api/data/rdk7542/224088/b8464kg/entservices-runtime-224088/WebKitBrowser/Extension/ProcessInfo.cpp (ext=.cpp, size=1497)
2025-11-25 16:46:35,706 - Knowledge - INFO - Worker kw10 processing /Users/veera/Documents/kavia-backend/graphnode-backend-api/data/rdk7542/224088/b8464kg/entservices-runtime-224088/helpers/UtilsSearchRDKProfile.h
2025-11-25 16:46:35,711 - Knowledge - INFO - Worker kw11 processing /Users/veera/Documents/kavia-backend/graphnode-backend-api/data/rdk7542/224088/b8464kg/entservices-runtime-224088/helpers/WebSockets/JsonRpc/Notification.h
2025-11-25 16:46:35,717 - Knowledge - INFO - Fast-tracked /Users/veera/Documents/kavia-backend/graphnode-backend-api/data/rdk7542/224088/b8464kg/entservices-runtime-224088/helpers/UtilsLOG_MILESTONE.h (ext=.h, size=810)
2025-11-25 16:46:35,724 - Knowledge - INFO - Worker kw4 processing /Users/veera/Documents/kavia-backend/graphnode-backend-api/data/rdk7542/224088/b8464kg/entservices-runtime-224088/WebKitBrowser/BrowserConsoleLog.h
2025-11-25 16:46:35,724 - Knowledge - INFO - Fast-tracked /Users/veera/Documents/kavia-backend/graphnode-backend-api/data/rdk7542/224088/b8464kg/entservices-runtime-224088/WebKitBrowser/Module.h (ext=.h, size=998)
2025-11-25 16:46:35,737 - Knowledge - INFO - Worker kw7 processing /Users/veera/Documents/kavia-backend/graphnode-backend-api/data/rdk7542/224088/b8464kg/entservices-runtime-224088/cmake/FindGStreamer.cmake
2025-11-25 16:46:35,737 - Knowledge - INFO - Worker kw12 processing /Users/veera/Documents/kavia-backend/graphnode-backend-api/data/rdk7542/224088/b8464kg/entservices-runtime-224088/helpers/WebSockets/ConnectionInitializationResult.h
2025-11-25 16:46:35,743 - Knowledge - INFO - Fast-tracked /Users/veera/Documents/kavia-backend/graphnode-backend-api/data/rdk7542/224088/b8464kg/entservices-runtime-224088/helpers/UtilsfileExists.h (ext=.h, size=880)
2025-11-25 16:46:35,743 - Knowledge - INFO - Worker kw1 processing /Users/veera/Documents/kavia-backend/graphnode-backend-api/data/rdk7542/224088/b8464kg/entservices-runtime-224088/WebKitBrowser/InjectedBundle/Utils.cpp
2025-11-25 16:46:35,773 - Knowledge - INFO - Fast-tracked /Users/veera/Documents/kavia-backend/graphnode-backend-api/data/rdk7542/224088/b8464kg/entservices-runtime-224088/cmake/FindTTS.cmake (ext=.cmake, size=1379)
2025-11-25 16:46:35,780 - Knowledge - INFO - Fast-tracked /Users/veera/Documents/kavia-backend/graphnode-backend-api/data/rdk7542/224088/b8464kg/entservices-runtime-224088/PerformanceMetrics/Module.h (ext=.h, size=869)
2025-11-25 16:46:35,805 - Knowledge - INFO - Worker kw3 processing /Users/veera/Documents/kavia-backend/graphnode-backend-api/data/rdk7542/224088/b8464kg/entservices-runtime-224088/WebKitBrowser/Extension/Milestone.h
2025-11-25 16:46:35,806 - Knowledge - INFO - Fast-tracked /Users/veera/Documents/kavia-backend/graphnode-backend-api/data/rdk7542/224088/b8464kg/entservices-runtime-224088/README.md (ext=.md, size=70)
2025-11-25 16:46:35,814 - Knowledge - INFO - knowledge worker kw20 start
2025-11-25 16:46:35,833 - Knowledge - INFO - Worker kw10 processing /Users/veera/Documents/kavia-backend/graphnode-backend-api/data/rdk7542/224088/b8464kg/entservices-runtime-224088/helpers/tptimer.h
2025-11-25 16:46:35,840 - Knowledge - INFO - Worker kw13 processing /Users/veera/Documents/kavia-backend/graphnode-backend-api/data/rdk7542/224088/b8464kg/entservices-runtime-224088/helpers/frontpanel.cpp
2025-11-25 16:46:35,841 - Knowledge - INFO - Worker kw4 processing /Users/veera/Documents/kavia-backend/graphnode-backend-api/data/rdk7542/224088/b8464kg/entservices-runtime-224088/WebKitBrowser/WebKitBrowser.h
2025-11-25 16:46:35,853 - Knowledge - INFO - Fast-tracked /Users/veera/Documents/kavia-backend/graphnode-backend-api/data/rdk7542/224088/b8464kg/entservices-runtime-224088/helpers/WebSockets/JsonRpc/Notification.h (ext=.h, size=1157)
2025-11-25 16:46:35,862 - Knowledge - INFO - Worker kw6 processing /Users/veera/Documents/kavia-backend/graphnode-backend-api/data/rdk7542/224088/b8464kg/entservices-runtime-224088/WebKitBrowser/WebKitImplementation.cpp
2025-11-25 16:46:35,870 - Knowledge - INFO - Worker kw7 processing /Users/veera/Documents/kavia-backend/graphnode-backend-api/data/rdk7542/224088/b8464kg/entservices-runtime-224088/cmake/FindNEXUS.cmake
2025-11-25 16:46:35,871 - Knowledge - INFO - Fast-tracked /Users/veera/Documents/kavia-backend/graphnode-backend-api/data/rdk7542/224088/b8464kg/entservices-runtime-224088/helpers/WebSockets/ConnectionInitializationResult.h (ext=.h, size=1319)
2025-11-25 16:46:36,022 - Knowledge - INFO - Worker kw14 processing /Users/veera/Documents/kavia-backend/graphnode-backend-api/data/rdk7542/224088/b8464kg/entservices-runtime-224088/helpers/UtilsFile.h
2025-11-25 16:46:36,066 - Knowledge - INFO - Worker kw8 processing /Users/veera/Documents/kavia-backend/graphnode-backend-api/data/rdk7542/224088/b8464kg/entservices-runtime-224088/cmake/Findjsoncpp.cmake
2025-11-25 16:46:36,072 - Knowledge - INFO - Worker kw15 processing /Users/veera/Documents/kavia-backend/graphnode-backend-api/data/rdk7542/224088/b8464kg/entservices-runtime-224088/PerformanceMetrics/SyslogOutput.cpp
2025-11-25 16:46:36,103 - Knowledge - INFO - Fast-tracked /Users/veera/Documents/kavia-backend/graphnode-backend-api/data/rdk7542/224088/b8464kg/entservices-runtime-224088/WebKitBrowser/Extension/Milestone.h (ext=.h, size=956)
2025-11-25 16:46:36,103 - Knowledge - INFO - Fast-tracked /Users/veera/Documents/kavia-backend/graphnode-backend-api/data/rdk7542/224088/b8464kg/entservices-runtime-224088/WebKitBrowser/InjectedBundle/NotifyWPEFramework.cpp (small file (2389 bytes))
2025-11-25 16:46:36,103 - Knowledge - INFO - Fast-tracked /Users/veera/Documents/kavia-backend/graphnode-backend-api/data/rdk7542/224088/b8464kg/entservices-runtime-224088/WebKitBrowser/CookieJarCrypto/CookieJarCryptoExample.h (small file (2895 bytes))
2025-11-25 16:46:36,149 - Knowledge - INFO - Worker kw9 processing /Users/veera/Documents/kavia-backend/graphnode-backend-api/data/rdk7542/224088/b8464kg/entservices-runtime-224088/services.cmake
2025-11-25 16:46:36,178 - Knowledge - INFO - Worker kw10 processing /Users/veera/Documents/kavia-backend/graphnode-backend-api/data/rdk7542/224088/b8464kg/entservices-runtime-224088/helpers/UtilsThreadRAII.h
2025-11-25 16:46:36,185 - Knowledge - INFO - Worker kw13 processing /Users/veera/Documents/kavia-backend/graphnode-backend-api/data/rdk7542/224088/b8464kg/entservices-runtime-224088/helpers/UtilsInputValidator.h
2025-11-25 16:46:36,185 - Knowledge - INFO - Worker kw4 processing /Users/veera/Documents/kavia-backend/graphnode-backend-api/data/rdk7542/224088/b8464kg/entservices-runtime-224088/WebKitBrowser/Tags.cpp
2025-11-25 16:46:36,205 - Knowledge - INFO - Worker kw11 processing /Users/veera/Documents/kavia-backend/graphnode-backend-api/data/rdk7542/224088/b8464kg/entservices-runtime-224088/helpers/WebSockets/JsonRpc/Response.h
2025-11-25 16:46:36,213 - Knowledge - INFO - Fast-tracked /Users/veera/Documents/kavia-backend/graphnode-backend-api/data/rdk7542/224088/b8464kg/entservices-runtime-224088/WebKitBrowser/WebKitImplementation.cpp (ext=.cpp, size=160767)
2025-11-25 16:46:36,214 - Knowledge - INFO - Worker kw12 processing /Users/veera/Documents/kavia-backend/graphnode-backend-api/data/rdk7542/224088/b8464kg/entservices-runtime-224088/helpers/WebSockets/WSEndpoint.h
2025-11-25 16:46:36,214 - Knowledge - INFO - Worker kw14 processing /Users/veera/Documents/kavia-backend/graphnode-backend-api/data/rdk7542/224088/b8464kg/entservices-runtime-224088/helpers/UtilsSynchroIarm.hpp
2025-11-25 16:46:36,214 - Knowledge - INFO - Worker kw7 processing /Users/veera/Documents/kavia-backend/graphnode-backend-api/data/rdk7542/224088/b8464kg/entservices-runtime-224088/cmake/FindSqliteSee.cmake
2025-11-25 16:46:36,214 - Knowledge - INFO - Fast-tracked /Users/veera/Documents/kavia-backend/graphnode-backend-api/data/rdk7542/224088/b8464kg/entservices-runtime-224088/cmake/Findjsoncpp.cmake (ext=.cmake, size=1853)
2025-11-25 16:46:36,251 - Knowledge - INFO - Worker kw3 processing /Users/veera/Documents/kavia-backend/graphnode-backend-api/data/rdk7542/224088/b8464kg/entservices-runtime-224088/WebKitBrowser/Extension/SecurityAgent.cpp
2025-11-25 16:46:36,265 - Knowledge - INFO - Worker kw9 processing /Users/veera/Documents/kavia-backend/graphnode-backend-api/data/rdk7542/224088/b8464kg/entservices-runtime-224088/CONTRIBUTING.md
2025-11-25 16:46:36,265 - Knowledge - INFO - Worker kw13 processing /Users/veera/Documents/kavia-backend/graphnode-backend-api/data/rdk7542/224088/b8464kg/entservices-runtime-224088/helpers/PluginInterfaceBuilder.h
2025-11-25 16:46:36,267 - Knowledge - INFO - Fast-tracked /Users/veera/Documents/kavia-backend/graphnode-backend-api/data/rdk7542/224088/b8464kg/entservices-runtime-224088/WebKitBrowser/Tags.cpp (ext=.cpp, size=1122)
2025-11-25 16:46:36,268 - Knowledge - INFO - Fast-tracked /Users/veera/Documents/kavia-backend/graphnode-backend-api/data/rdk7542/224088/b8464kg/entservices-runtime-224088/helpers/UtilsThreadRAII.h (ext=.h, size=1417)
2025-11-25 16:46:36,275 - Knowledge - INFO - Fast-tracked /Users/veera/Documents/kavia-backend/graphnode-backend-api/data/rdk7542/224088/b8464kg/entservices-runtime-224088/helpers/WebSockets/JsonRpc/Response.h (ext=.h, size=1276)
2025-11-25 16:46:36,275 - Knowledge - INFO - Worker kw6 processing /Users/veera/Documents/kavia-backend/graphnode-backend-api/data/rdk7542/224088/b8464kg/entservices-runtime-224088/CMakeLists.txt
2025-11-25 16:46:36,295 - Knowledge - INFO - Worker kw12 processing /Users/veera/Documents/kavia-backend/graphnode-backend-api/data/rdk7542/224088/b8464kg/entservices-runtime-224088/helpers/WebSockets/WSEndpoint.cpp
2025-11-25 16:46:36,295 - Knowledge - INFO - Worker kw8 processing /Users/veera/Documents/kavia-backend/graphnode-backend-api/data/rdk7542/224088/b8464kg/entservices-runtime-224088/cmake/FindIARMBus.cmake
2025-11-25 16:46:36,295 - Knowledge - INFO - Worker kw14 processing /Users/veera/Documents/kavia-backend/graphnode-backend-api/data/rdk7542/224088/b8464kg/entservices-runtime-224088/cov_build.sh
2025-11-25 16:46:36,295 - Knowledge - INFO - Fast-tracked /Users/veera/Documents/kavia-backend/graphnode-backend-api/data/rdk7542/224088/b8464kg/entservices-runtime-224088/cmake/FindSqliteSee.cmake (ext=.cmake, size=774)
2025-11-25 16:46:36,299 - Knowledge - INFO - Fast-tracked /Users/veera/Documents/kavia-backend/graphnode-backend-api/data/rdk7542/224088/b8464kg/entservices-runtime-224088/WebKitBrowser/InjectedBundle/JavaScriptFunction.cpp (small file (2080 bytes))
2025-11-25 16:46:36,305 - Knowledge - INFO - Fast-tracked /Users/veera/Documents/kavia-backend/graphnode-backend-api/data/rdk7542/224088/b8464kg/entservices-runtime-224088/CONTRIBUTING.md (ext=.md, size=267)
2025-11-25 16:46:36,305 - Knowledge - INFO - Worker kw13 processing /Users/veera/Documents/kavia-backend/graphnode-backend-api/data/rdk7542/224088/b8464kg/entservices-runtime-224088/helpers/UtilsSynchro.hpp
2025-11-25 16:46:36,310 - Knowledge - INFO - Worker kw10 processing /Users/veera/Documents/kavia-backend/graphnode-backend-api/data/rdk7542/224088/b8464kg/entservices-runtime-224088/helpers/UtilsCStr.h
2025-11-25 16:46:36,310 - Knowledge - INFO - Fast-tracked /Users/veera/Documents/kavia-backend/graphnode-backend-api/data/rdk7542/224088/b8464kg/entservices-runtime-224088/WebKitBrowser/InjectedBundle/Milestone.cpp (small file (2805 bytes))
2025-11-25 16:46:36,312 - Knowledge - INFO - Fast-tracked /Users/veera/Documents/kavia-backend/graphnode-backend-api/data/rdk7542/224088/b8464kg/entservices-runtime-224088/WebKitBrowser/cmake/FindWPEBackend.cmake (small file (2002 bytes))
2025-11-25 16:46:36,312 - Knowledge - INFO - Worker kw11 processing /Users/veera/Documents/kavia-backend/graphnode-backend-api/data/rdk7542/224088/b8464kg/entservices-runtime-224088/helpers/WebSockets/JsonRpc/Notification.cpp
2025-11-25 16:46:36,313 - Knowledge - INFO - Fast-tracked /Users/veera/Documents/kavia-backend/graphnode-backend-api/data/rdk7542/224088/b8464kg/entservices-runtime-224088/CMakeLists.txt (ext=.txt, size=2243)
2025-11-25 16:46:36,316 - Knowledge - INFO - Worker kw12 processing /Users/veera/Documents/kavia-backend/graphnode-backend-api/data/rdk7542/224088/b8464kg/entservices-runtime-224088/helpers/UtilsisValidInt.h
2025-11-25 16:46:36,319 - Knowledge - INFO - Fast-tracked /Users/veera/Documents/kavia-backend/graphnode-backend-api/data/rdk7542/224088/b8464kg/entservices-runtime-224088/cmake/FindIARMBus.cmake (ext=.cmake, size=1734)
2025-11-25 16:46:36,322 - Knowledge - INFO - Worker kw7 processing /Users/veera/Documents/kavia-backend/graphnode-backend-api/data/rdk7542/224088/b8464kg/entservices-runtime-224088/cmake/FindGStreamerVideo.cmake
2025-11-25 16:46:36,322 - Knowledge - INFO - Worker kw14 processing /Users/veera/Documents/kavia-backend/graphnode-backend-api/data/rdk7542/224088/b8464kg/entservices-runtime-224088/PerformanceMetrics/PerformanceMetrics.cpp
2025-11-25 16:46:36,324 - Knowledge - INFO - Fast-tracked /Users/veera/Documents/kavia-backend/graphnode-backend-api/data/rdk7542/224088/b8464kg/entservices-runtime-224088/WebKitBrowser/Extension/SecurityAgent.cpp (small file (2252 bytes))
2025-11-25 16:46:36,324 - Knowledge - INFO - Worker kw9 processing /Users/veera/Documents/kavia-backend/graphnode-backend-api/data/rdk7542/224088/b8464kg/entservices-runtime-224088/build_dependencies.sh
2025-11-25 16:46:36,324 - Knowledge - INFO - Worker kw13 processing /Users/veera/Documents/kavia-backend/graphnode-backend-api/data/rdk7542/224088/b8464kg/entservices-runtime-224088/helpers/UtilsgetRFCConfig.h
2025-11-25 16:46:36,325 - Knowledge - INFO - Fast-tracked /Users/veera/Documents/kavia-backend/graphnode-backend-api/data/rdk7542/224088/b8464kg/entservices-runtime-224088/WebKitBrowser/InjectedBundle/AAMPJSBindings.cpp (small file (2781 bytes))
2025-11-25 16:46:36,338 - Knowledge - INFO - Fast-tracked /Users/veera/Documents/kavia-backend/graphnode-backend-api/data/rdk7542/224088/b8464kg/entservices-runtime-224088/helpers/UtilsCStr.h (ext=.h, size=746)
2025-11-25 16:46:36,351 - Knowledge - INFO - Fast-tracked /Users/veera/Documents/kavia-backend/graphnode-backend-api/data/rdk7542/224088/b8464kg/entservices-runtime-224088/helpers/WebSockets/JsonRpc/Notification.cpp (ext=.cpp, size=1518)
2025-11-25 16:46:36,351 - Knowledge - INFO - Worker kw6 processing /Users/veera/Documents/kavia-backend/graphnode-backend-api/data/rdk7542/224088/b8464kg/entservices-runtime-224088/cmake/FindAamp.cmake
2025-11-25 16:46:36,358 - Knowledge - INFO - Fast-tracked /Users/veera/Documents/kavia-backend/graphnode-backend-api/data/rdk7542/224088/b8464kg/entservices-runtime-224088/helpers/UtilsisValidInt.h (ext=.h, size=1601)
2025-11-25 16:46:36,358 - Knowledge - INFO - Worker kw8 processing /Users/veera/Documents/kavia-backend/graphnode-backend-api/data/rdk7542/224088/b8464kg/entservices-runtime-224088/cmake/FindRDKStorageManager.cmake
2025-11-25 16:46:36,429 - Knowledge - INFO - Worker kw14 processing /Users/veera/Documents/kavia-backend/graphnode-backend-api/data/rdk7542/224088/b8464kg/entservices-runtime-224088/PerformanceMetrics/CMakeLists.txt
2025-11-25 16:46:36,435 - Knowledge - INFO - Worker kw9 processing /Users/veera/Documents/kavia-backend/graphnode-backend-api/data/rdk7542/224088/b8464kg/entservices-runtime-224088/helpers/UtilsJsonRpc.h
2025-11-25 16:46:36,435 - Knowledge - INFO - Fast-tracked /Users/veera/Documents/kavia-backend/graphnode-backend-api/data/rdk7542/224088/b8464kg/entservices-runtime-224088/helpers/UtilsgetRFCConfig.h (ext=.h, size=1043)
2025-11-25 16:46:36,444 - Knowledge - INFO - Worker kw10 processing /Users/veera/Documents/kavia-backend/graphnode-backend-api/data/rdk7542/224088/b8464kg/entservices-runtime-224088/helpers/WebSockets/CommunicationInterface/CommandInterface.h
2025-11-25 16:46:36,445 - Knowledge - INFO - Worker kw11 processing /Users/veera/Documents/kavia-backend/graphnode-backend-api/data/rdk7542/224088/b8464kg/entservices-runtime-224088/helpers/WebSockets/JsonRpc/Request.cpp
2025-11-25 16:46:36,445 - Knowledge - INFO - Worker kw12 processing /Users/veera/Documents/kavia-backend/graphnode-backend-api/data/rdk7542/224088/b8464kg/entservices-runtime-224088/helpers/UtilsTelemetry.h
2025-11-25 16:46:36,447 - Knowledge - INFO - Fast-tracked /Users/veera/Documents/kavia-backend/graphnode-backend-api/data/rdk7542/224088/b8464kg/entservices-runtime-224088/WebKitBrowser/InjectedBundle/JavaScriptFunctionType.h (small file (2303 bytes))
2025-11-25 16:46:36,455 - Knowledge - INFO - Fast-tracked /Users/veera/Documents/kavia-backend/graphnode-backend-api/data/rdk7542/224088/b8464kg/entservices-runtime-224088/cmake/FindGStreamer.cmake (small file (2703 bytes))
2025-11-25 16:46:36,467 - Knowledge - INFO - Fast-tracked /Users/veera/Documents/kavia-backend/graphnode-backend-api/data/rdk7542/224088/b8464kg/entservices-runtime-224088/PerformanceMetrics/CMakeLists.txt (ext=.txt, size=3949)
2025-11-25 16:46:36,467 - Knowledge - INFO - Fast-tracked /Users/veera/Documents/kavia-backend/graphnode-backend-api/data/rdk7542/224088/b8464kg/entservices-runtime-224088/WebKitBrowser/InjectedBundle/SecurityAgent.cpp (small file (2621 bytes))
2025-11-25 16:46:36,468 - Knowledge - INFO - Fast-tracked /Users/veera/Documents/kavia-backend/graphnode-backend-api/data/rdk7542/224088/b8464kg/entservices-runtime-224088/cmake/FindRDKStorageManager.cmake (ext=.cmake, size=983)
2025-11-25 16:46:36,474 - Knowledge - INFO - Worker kw9 processing /Users/veera/Documents/kavia-backend/graphnode-backend-api/data/rdk7542/224088/b8464kg/entservices-runtime-224088/helpers/frontpanel.h
2025-11-25 16:46:36,474 - Knowledge - INFO - Worker kw13 processing /Users/veera/Documents/kavia-backend/graphnode-backend-api/data/rdk7542/224088/b8464kg/entservices-runtime-224088/helpers/UtilssyncPersistFile.h
2025-11-25 16:46:36,475 - Knowledge - INFO - Fast-tracked /Users/veera/Documents/kavia-backend/graphnode-backend-api/data/rdk7542/224088/b8464kg/entservices-runtime-224088/helpers/WebSockets/JsonRpc/Request.cpp (ext=.cpp, size=1781)
2025-11-25 16:46:36,475 - Knowledge - INFO - Fast-tracked /Users/veera/Documents/kavia-backend/graphnode-backend-api/data/rdk7542/224088/b8464kg/entservices-runtime-224088/helpers/UtilsTelemetry.h (ext=.h, size=1892)
2025-11-25 16:46:36,477 - Knowledge - INFO - Worker kw14 processing /Users/veera/Documents/kavia-backend/graphnode-backend-api/data/rdk7542/224088/b8464kg/entservices-runtime-224088/PerformanceMetrics/CHANGELOG.md
2025-11-25 16:46:36,484 - Knowledge - INFO - Fast-tracked /Users/veera/Documents/kavia-backend/graphnode-backend-api/data/rdk7542/224088/b8464kg/entservices-runtime-224088/WebKitBrowser/InjectedBundle/ClassDefinition.h (small file (2670 bytes))
2025-11-25 16:46:36,484 - Knowledge - INFO - Fast-tracked /Users/veera/Documents/kavia-backend/graphnode-backend-api/data/rdk7542/224088/b8464kg/entservices-runtime-224088/cmake/FindNEXUS.cmake (small file (2835 bytes))
2025-11-25 16:46:36,485 - Knowledge - INFO - Fast-tracked /Users/veera/Documents/kavia-backend/graphnode-backend-api/data/rdk7542/224088/b8464kg/entservices-runtime-224088/cmake/FindAamp.cmake (small file (2167 bytes))
2025-11-25 16:46:36,485 - Knowledge - INFO - Worker kw8 processing /Users/veera/Documents/kavia-backend/graphnode-backend-api/data/rdk7542/224088/b8464kg/entservices-runtime-224088/cmake/FindCEC.cmake
2025-11-25 16:46:36,498 - Knowledge - INFO - Fast-tracked /Users/veera/Documents/kavia-backend/graphnode-backend-api/data/rdk7542/224088/b8464kg/entservices-runtime-224088/WebKitBrowser/BrowserConsoleLog.h (small file (2397 bytes))
2025-11-25 16:46:36,499 - Knowledge - INFO - Fast-tracked /Users/veera/Documents/kavia-backend/graphnode-backend-api/data/rdk7542/224088/b8464kg/entservices-runtime-224088/WebKitBrowser/InjectedBundle/Utils.cpp (small file (2307 bytes))
2025-11-25 16:46:36,544 - Knowledge - INFO - Worker kw11 processing /Users/veera/Documents/kavia-backend/graphnode-backend-api/data/rdk7542/224088/b8464kg/entservices-runtime-224088/helpers/WebSockets/JsonRpc/Response.cpp
2025-11-25 16:46:36,544 - Knowledge - INFO - Fast-tracked /Users/veera/Documents/kavia-backend/graphnode-backend-api/data/rdk7542/224088/b8464kg/entservices-runtime-224088/helpers/UtilssyncPersistFile.h (ext=.h, size=1541)
2025-11-25 16:46:36,544 - Knowledge - INFO - Worker kw12 processing /Users/veera/Documents/kavia-backend/graphnode-backend-api/data/rdk7542/224088/b8464kg/entservices-runtime-224088/helpers/UtilsgetFileContent.h
2025-11-25 16:46:36,545 - Knowledge - INFO - Fast-tracked /Users/veera/Documents/kavia-backend/graphnode-backend-api/data/rdk7542/224088/b8464kg/entservices-runtime-224088/PerformanceMetrics/CHANGELOG.md (ext=.md, size=1015)
2025-11-25 16:46:36,546 - Knowledge - INFO - Fast-tracked /Users/veera/Documents/kavia-backend/graphnode-backend-api/data/rdk7542/224088/b8464kg/entservices-runtime-224088/cmake/FindGStreamerVideo.cmake (small file (2892 bytes))
2025-11-25 16:46:36,547 - Knowledge - INFO - Fast-tracked /Users/veera/Documents/kavia-backend/graphnode-backend-api/data/rdk7542/224088/b8464kg/entservices-runtime-224088/cmake/FindCEC.cmake (ext=.cmake, size=1947)
2025-11-25 16:46:36,547 - Knowledge - INFO - Worker kw11 processing /Users/veera/Documents/kavia-backend/graphnode-backend-api/data/rdk7542/224088/b8464kg/entservices-runtime-224088/helpers/WebSockets/JsonRpc/Request.h
2025-11-25 16:46:36,547 - Knowledge - INFO - Worker kw13 processing /Users/veera/Documents/kavia-backend/graphnode-backend-api/data/rdk7542/224088/b8464kg/entservices-runtime-224088/helpers/UtilsController.h
2025-11-25 16:46:36,567 - Knowledge - INFO - Worker kw14 processing /Users/veera/Documents/kavia-backend/graphnode-backend-api/data/rdk7542/224088/b8464kg/entservices-runtime-224088/PerformanceMetrics/Module.cpp
2025-11-25 16:46:36,568 - Knowledge - INFO - Fast-tracked /Users/veera/Documents/kavia-backend/graphnode-backend-api/data/rdk7542/224088/b8464kg/entservices-runtime-224088/helpers/WebSockets/Roles/Client.h (small file (2756 bytes))
2025-11-25 16:46:36,569 - Knowledge - INFO - Fast-tracked /Users/veera/Documents/kavia-backend/graphnode-backend-api/data/rdk7542/224088/b8464kg/entservices-runtime-224088/helpers/WebSockets/JsonRpc/Request.h (ext=.h, size=1283)
2025-11-25 16:46:36,569 - Knowledge - INFO - Fast-tracked /Users/veera/Documents/kavia-backend/graphnode-backend-api/data/rdk7542/224088/b8464kg/entservices-runtime-224088/PerformanceMetrics/Module.cpp (ext=.cpp, size=781)
2025-11-25 16:46:36,569 - Knowledge - INFO - Worker kw14 processing /Users/veera/Documents/kavia-backend/graphnode-backend-api/data/rdk7542/224088/b8464kg/entservices-runtime-224088/PerformanceMetrics/PerformanceMetrics.h
2025-11-25 16:46:36,570 - Knowledge - INFO - Fast-tracked /Users/veera/Documents/kavia-backend/graphnode-backend-api/data/rdk7542/224088/b8464kg/entservices-runtime-224088/cmake/FindBCM_HOST.cmake (small file (2134 bytes))
2025-11-25 16:46:36,577 - Knowledge - INFO - Fast-tracked /Users/veera/Documents/kavia-backend/graphnode-backend-api/data/rdk7542/224088/b8464kg/entservices-runtime-224088/helpers/UtilsIarm.h (small file (2992 bytes))
2025-11-25 16:46:36,597 - Knowledge - INFO - Fast-tracked /Users/veera/Documents/kavia-backend/graphnode-backend-api/data/rdk7542/224088/b8464kg/entservices-runtime-224088/helpers/UtilsFile.h (small file (2625 bytes))
2025-11-25 16:46:36,599 - Knowledge - INFO - Fast-tracked /Users/veera/Documents/kavia-backend/graphnode-backend-api/data/rdk7542/224088/b8464kg/entservices-runtime-224088/helpers/UtilsProcess.h (small file (2699 bytes))
2025-11-25 16:46:36,612 - Knowledge - INFO - Processing batch of 10 files
2025-11-25 16:46:36,628 - Knowledge - INFO - Fast-tracked /Users/veera/Documents/kavia-backend/graphnode-backend-api/data/rdk7542/224088/b8464kg/entservices-runtime-224088/helpers/UtilsSearchRDKProfile.h (small file (2043 bytes))
2025-11-25 16:46:36,628 - Knowledge - INFO - process ingested knowledge for /Users/veera/Documents/kavia-backend/graphnode-backend-api/data/rdk7542/224088/b8464kg/entservices-runtime-224088/cmake/FindSqlite.cmake
2025-11-25 16:46:36,644 - Knowledge - INFO - process ingested knowledge for /Users/veera/Documents/kavia-backend/graphnode-backend-api/data/rdk7542/224088/b8464kg/entservices-runtime-224088/cmake/FindBCM_HOST.cmake
2025-11-25 16:46:36,658 - Knowledge - INFO - Fast-tracked /Users/veera/Documents/kavia-backend/graphnode-backend-api/data/rdk7542/224088/b8464kg/entservices-runtime-224088/helpers/WebSockets/WSEndpoint.h (small file (2873 bytes))
2025-11-25 16:46:36,659 - Knowledge - INFO - process ingested knowledge for /Users/veera/Documents/kavia-backend/graphnode-backend-api/data/rdk7542/224088/b8464kg/entservices-runtime-224088/cmake/FindDL.cmake
2025-11-25 16:46:36,676 - Knowledge - INFO - process ingested knowledge for /Users/veera/Documents/kavia-backend/graphnode-backend-api/data/rdk7542/224088/b8464kg/entservices-runtime-224088/cmake/FindUdev.cmake
2025-11-25 16:46:36,685 - Knowledge - INFO - process ingested knowledge for /Users/veera/Documents/kavia-backend/graphnode-backend-api/data/rdk7542/224088/b8464kg/entservices-runtime-224088/cmake/FindDS.cmake
2025-11-25 16:46:36,703 - Knowledge - INFO - process ingested knowledge for /Users/veera/Documents/kavia-backend/graphnode-backend-api/data/rdk7542/224088/b8464kg/entservices-runtime-224088/cmake/FindTTS.cmake
2025-11-25 16:46:36,703 - Knowledge - INFO - process ingested knowledge for /Users/veera/Documents/kavia-backend/graphnode-backend-api/data/rdk7542/224088/b8464kg/entservices-runtime-224088/cmake/Findjsoncpp.cmake
2025-11-25 16:46:36,711 - Knowledge - INFO - process ingested knowledge for /Users/veera/Documents/kavia-backend/graphnode-backend-api/data/rdk7542/224088/b8464kg/entservices-runtime-224088/cmake/FindIARMBus.cmake
2025-11-25 16:46:36,713 - Knowledge - INFO - Fast-tracked /Users/veera/Documents/kavia-backend/graphnode-backend-api/data/rdk7542/224088/b8464kg/entservices-runtime-224088/helpers/WebSockets/JsonRpc/Response.cpp (small file (2421 bytes))
2025-11-25 16:46:36,730 - Knowledge - INFO - process ingested knowledge for /Users/veera/Documents/kavia-backend/graphnode-backend-api/data/rdk7542/224088/b8464kg/entservices-runtime-224088/cmake/FindRDKStorageManager.cmake
2025-11-25 16:46:36,744 - Knowledge - INFO - Fast-tracked /Users/veera/Documents/kavia-backend/graphnode-backend-api/data/rdk7542/224088/b8464kg/entservices-runtime-224088/helpers/WebSockets/CommunicationInterface/CommandInterface.h (small file (2143 bytes))
2025-11-25 16:46:36,745 - Knowledge - INFO - process ingested knowledge for /Users/veera/Documents/kavia-backend/graphnode-backend-api/data/rdk7542/224088/b8464kg/entservices-runtime-224088/cmake/FindCEC.cmake
2025-11-25 16:46:38,414 - Knowledge - INFO - [WEBSOCKET] Sent: Type=progress_update, Size: 288, Duration: 0ms
2025-11-25 16:46:38,415 - Knowledge - INFO - [WEBSOCKET] Sent: Type=unknown, Size: ?, Duration: 1ms
2025-11-25 16:46:38,415 - Knowledge - INFO - Progress: 6.5% | Files: 10/153 | Rate: 2.26 files/sec | Queue: 0
2025-11-25 16:46:40,355 - Knowledge - INFO - [LLM_CALL] Completed: FindGLIB.cmake:chunk1, Duration: 3929ms, PromptTokens: 3708, CompletionTokens: 59, Cost: $0.00039
2025-11-25 16:46:40,356 - Knowledge - INFO - done ingest for /Users/veera/Documents/kavia-backend/graphnode-backend-api/data/rdk7542/224088/b8464kg/entservices-runtime-224088/cmake/FindGLIB.cmake
2025-11-25 16:46:40,480 - Knowledge - INFO - [LLM_CALL] Completed: cov_build.sh:chunk1, Duration: 3750ms, PromptTokens: 2444, CompletionTokens: 59, Cost: $0.00027
2025-11-25 16:46:40,481 - Knowledge - INFO - done ingest for /Users/veera/Documents/kavia-backend/graphnode-backend-api/data/rdk7542/224088/b8464kg/entservices-runtime-224088/cov_build.sh
2025-11-25 16:46:40,974 - Knowledge - INFO - [LLM_CALL] Completed: services.cmake:chunk1, Duration: 4426ms, PromptTokens: 2952, CompletionTokens: 59, Cost: $0.00032
2025-11-25 16:46:41,017 - Knowledge - INFO - done ingest for /Users/veera/Documents/kavia-backend/graphnode-backend-api/data/rdk7542/224088/b8464kg/entservices-runtime-224088/services.cmake
2025-11-25 16:46:41,770 - Knowledge - INFO - [LLM_CALL] Completed: FindWPEWebKit.cmake:chunk1, Duration: 5495ms, PromptTokens: 3306, CompletionTokens: 59, Cost: $0.00035
2025-11-25 16:46:41,776 - Knowledge - INFO - done ingest for /Users/veera/Documents/kavia-backend/graphnode-backend-api/data/rdk7542/224088/b8464kg/entservices-runtime-224088/WebKitBrowser/cmake/FindWPEWebKit.cmake
2025-11-25 16:46:43,134 - Knowledge - INFO - [LLM_CALL] Completed: build_dependencies.sh:chunk1, Duration: 6490ms, PromptTokens: 3824, CompletionTokens: 59, Cost: $0.00041
2025-11-25 16:46:43,144 - Knowledge - INFO - done ingest for /Users/veera/Documents/kavia-backend/graphnode-backend-api/data/rdk7542/224088/b8464kg/entservices-runtime-224088/build_dependencies.sh
2025-11-25 16:46:43,811 - Knowledge - INFO - Processing batch of 10 files
2025-11-25 16:46:43,832 - Knowledge - INFO - process ingested knowledge for /Users/veera/Documents/kavia-backend/graphnode-backend-api/data/rdk7542/224088/b8464kg/entservices-runtime-224088/cmake/FindPlabels.cmake
2025-11-25 16:46:44,292 - Knowledge - INFO - process ingested knowledge for /Users/veera/Documents/kavia-backend/graphnode-backend-api/data/rdk7542/224088/b8464kg/entservices-runtime-224088/cmake/FindCTRLM.cmake
2025-11-25 16:46:44,481 - Knowledge - INFO - process ingested knowledge for /Users/veera/Documents/kavia-backend/graphnode-backend-api/data/rdk7542/224088/b8464kg/entservices-runtime-224088/cmake/FindNopoll.cmake
2025-11-25 16:46:44,889 - Knowledge - INFO - process ingested knowledge for /Users/veera/Documents/kavia-backend/graphnode-backend-api/data/rdk7542/224088/b8464kg/entservices-runtime-224088/cmake/FindLMPLAYER.cmake
2025-11-25 16:46:45,232 - Knowledge - INFO - process ingested knowledge for /Users/veera/Documents/kavia-backend/graphnode-backend-api/data/rdk7542/224088/b8464kg/entservices-runtime-224088/cmake/FindCurl.cmake
2025-11-25 16:46:45,241 - Knowledge - INFO - process ingested knowledge for /Users/veera/Documents/kavia-backend/graphnode-backend-api/data/rdk7542/224088/b8464kg/entservices-runtime-224088/cmake/FindGLIB.cmake
2025-11-25 16:46:45,333 - Knowledge - INFO - process ingested knowledge for /Users/veera/Documents/kavia-backend/graphnode-backend-api/data/rdk7542/224088/b8464kg/entservices-runtime-224088/cmake/FindGStreamer.cmake
2025-11-25 16:46:45,394 - Knowledge - INFO - process ingested knowledge for /Users/veera/Documents/kavia-backend/graphnode-backend-api/data/rdk7542/224088/b8464kg/entservices-runtime-224088/cmake/FindNEXUS.cmake
2025-11-25 16:46:45,462 - Knowledge - INFO - process ingested knowledge for /Users/veera/Documents/kavia-backend/graphnode-backend-api/data/rdk7542/224088/b8464kg/entservices-runtime-224088/cmake/FindSqliteSee.cmake
2025-11-25 16:46:45,499 - Knowledge - INFO - process ingested knowledge for /Users/veera/Documents/kavia-backend/graphnode-backend-api/data/rdk7542/224088/b8464kg/entservices-runtime-224088/cmake/FindGStreamerVideo.cmake
2025-11-25 16:46:48,599 - Knowledge - INFO - [LLM_CALL] Completed: TraceOutput.cpp:chunk1, Duration: 12348ms, PromptTokens: 3794, CompletionTokens: 633, Cost: $0.00063
2025-11-25 16:46:48,671 - Knowledge - INFO - done ingest for /Users/veera/Documents/kavia-backend/graphnode-backend-api/data/rdk7542/224088/b8464kg/entservices-runtime-224088/PerformanceMetrics/TraceOutput.cpp
2025-11-25 16:46:48,738 - Knowledge - INFO - [LLM_CALL] Completed: AAMPJSBindings.cpp:chunk1, Duration: 12426ms, PromptTokens: 2458, CompletionTokens: 546, Cost: $0.00046
2025-11-25 16:46:48,980 - Knowledge - INFO - done ingest for /Users/veera/Documents/kavia-backend/graphnode-backend-api/data/rdk7542/224088/b8464kg/entservices-runtime-224088/WebKitBrowser/Extension/AAMPJSBindings.cpp
2025-11-25 16:46:49,614 - Knowledge - INFO - [LLM_CALL] Completed: WebKitBrowserJsonRpc.cpp:chunk1, Duration: 13141ms, PromptTokens: 4258, CompletionTokens: 765, Cost: $0.00073
2025-11-25 16:46:49,616 - Knowledge - INFO - done ingest for /Users/veera/Documents/kavia-backend/graphnode-backend-api/data/rdk7542/224088/b8464kg/entservices-runtime-224088/WebKitBrowser/WebKitBrowserJsonRpc.cpp
2025-11-25 16:46:49,767 - Knowledge - INFO - [LLM_CALL] Completed: UtilsJsonRpc.h:chunk1, Duration: 13044ms, PromptTokens: 3916, CompletionTokens: 329, Cost: $0.00052
2025-11-25 16:46:49,780 - Knowledge - INFO - done ingest for /Users/veera/Documents/kavia-backend/graphnode-backend-api/data/rdk7542/224088/b8464kg/entservices-runtime-224088/helpers/UtilsJsonRpc.h
2025-11-25 16:46:51,242 - Knowledge - INFO - [LLM_CALL] Completed: CookieJar.cpp:chunk1, Duration: 14882ms, PromptTokens: 4868, CompletionTokens: 596, Cost: $0.00073
2025-11-25 16:46:51,242 - Knowledge - INFO - done ingest for /Users/veera/Documents/kavia-backend/graphnode-backend-api/data/rdk7542/224088/b8464kg/entservices-runtime-224088/WebKitBrowser/CookieJar.cpp
2025-11-25 16:46:51,507 - Knowledge - INFO - [LLM_CALL] Completed: frontpanel.h:chunk1, Duration: 14756ms, PromptTokens: 2524, CompletionTokens: 903, Cost: $0.00061
2025-11-25 16:46:51,508 - Knowledge - INFO - done ingest for /Users/veera/Documents/kavia-backend/graphnode-backend-api/data/rdk7542/224088/b8464kg/entservices-runtime-224088/helpers/frontpanel.h
2025-11-25 16:46:52,486 - Knowledge - INFO - [LLM_CALL] Completed: UtilsSynchroIarm.hpp:chunk1, Duration: 15858ms, PromptTokens: 2540, CompletionTokens: 388, Cost: $0.00041
2025-11-25 16:46:52,595 - Knowledge - INFO - done ingest for /Users/veera/Documents/kavia-backend/graphnode-backend-api/data/rdk7542/224088/b8464kg/entservices-runtime-224088/helpers/UtilsSynchroIarm.hpp
2025-11-25 16:46:53,158 - Knowledge - INFO - [LLM_CALL] Completed: JsonRpcInterface.h:chunk1, Duration: 16557ms, PromptTokens: 4590, CompletionTokens: 796, Cost: $0.00078
2025-11-25 16:46:53,169 - Knowledge - INFO - done ingest for /Users/veera/Documents/kavia-backend/graphnode-backend-api/data/rdk7542/224088/b8464kg/entservices-runtime-224088/helpers/WebSockets/CommunicationInterface/JsonRpcInterface.h
2025-11-25 16:46:53,232 - Knowledge - INFO - [LLM_CALL] Completed: WhiteListedOriginDomainsList.cpp:chunk1, Duration: 16920ms, PromptTokens: 3062, CompletionTokens: 682, Cost: $0.00058
2025-11-25 16:46:53,277 - Knowledge - INFO - done ingest for /Users/veera/Documents/kavia-backend/graphnode-backend-api/data/rdk7542/224088/b8464kg/entservices-runtime-224088/WebKitBrowser/InjectedBundle/WhiteListedOriginDomainsList.cpp
2025-11-25 16:46:54,014 - Knowledge - INFO - [LLM_CALL] Completed: TlsEnabled.h:chunk1, Duration: 17353ms, PromptTokens: 4504, CompletionTokens: 651, Cost: $0.00071
2025-11-25 16:46:54,052 - Knowledge - INFO - done ingest for /Users/veera/Documents/kavia-backend/graphnode-backend-api/data/rdk7542/224088/b8464kg/entservices-runtime-224088/helpers/WebSockets/Encryption/TlsEnabled.h
2025-11-25 16:46:55,115 - Knowledge - INFO - [LLM_CALL] Completed: BridgeObject.cpp:chunk1, Duration: 18820ms, PromptTokens: 4992, CompletionTokens: 809, Cost: $0.00082
2025-11-25 16:46:55,124 - Knowledge - INFO - done ingest for /Users/veera/Documents/kavia-backend/graphnode-backend-api/data/rdk7542/224088/b8464kg/entservices-runtime-224088/WebKitBrowser/InjectedBundle/BridgeObject.cpp
2025-11-25 16:46:56,297 - Knowledge - INFO - [LLM_CALL] Completed: cSettings.h:chunk1, Duration: 19751ms, PromptTokens: 3624, CompletionTokens: 468, Cost: $0.00055
2025-11-25 16:46:56,400 - Knowledge - INFO - done ingest for /Users/veera/Documents/kavia-backend/graphnode-backend-api/data/rdk7542/224088/b8464kg/entservices-runtime-224088/helpers/cSettings.h
2025-11-25 16:46:56,553 - Knowledge - INFO - [LLM_CALL] Completed: RequestHeaders.cpp:chunk1, Duration: 20079ms, PromptTokens: 2532, CompletionTokens: 390, Cost: $0.00041
2025-11-25 16:46:56,553 - Knowledge - INFO - done ingest for /Users/veera/Documents/kavia-backend/graphnode-backend-api/data/rdk7542/224088/b8464kg/entservices-runtime-224088/WebKitBrowser/InjectedBundle/RequestHeaders.cpp
2025-11-25 16:46:57,058 - Knowledge - INFO - [LLM_CALL] Completed: tptimer.h:chunk1, Duration: 20398ms, PromptTokens: 2284, CompletionTokens: 504, Cost: $0.00043
2025-11-25 16:46:57,084 - Knowledge - INFO - done ingest for /Users/veera/Documents/kavia-backend/graphnode-backend-api/data/rdk7542/224088/b8464kg/entservices-runtime-224088/helpers/tptimer.h
2025-11-25 16:46:57,555 - Knowledge - INFO - [LLM_CALL] Completed: SyslogOutput.cpp:chunk1, Duration: 21260ms, PromptTokens: 9604, CompletionTokens: 879, Cost: $0.00131
2025-11-25 16:46:57,555 - Knowledge - INFO - done ingest for /Users/veera/Documents/kavia-backend/graphnode-backend-api/data/rdk7542/224088/b8464kg/entservices-runtime-224088/PerformanceMetrics/SyslogOutput.cpp
2025-11-25 16:46:57,938 - Knowledge - INFO - [LLM_CALL] Completed: main.cpp:chunk1, Duration: 21587ms, PromptTokens: 4722, CompletionTokens: 960, Cost: $0.00086
2025-11-25 16:46:57,960 - Knowledge - INFO - done ingest for /Users/veera/Documents/kavia-backend/graphnode-backend-api/data/rdk7542/224088/b8464kg/entservices-runtime-224088/WebKitBrowser/Extension/main.cpp
2025-11-25 16:46:58,175 - Knowledge - INFO - [LLM_CALL] Completed: WebKitBrowser.h:chunk1, Duration: 21606ms, PromptTokens: 5432, CompletionTokens: 600, Cost: $0.00078
2025-11-25 16:46:58,181 - Knowledge - INFO - done ingest for /Users/veera/Documents/kavia-backend/graphnode-backend-api/data/rdk7542/224088/b8464kg/entservices-runtime-224088/WebKitBrowser/WebKitBrowser.h
2025-11-25 16:46:58,266 - Knowledge - INFO - [LLM_CALL] Completed: HawaiiMessage.cpp:chunk1, Duration: 21838ms, PromptTokens: 4146, CompletionTokens: 713, Cost: $0.00070
2025-11-25 16:46:58,280 - Knowledge - INFO - done ingest for /Users/veera/Documents/kavia-backend/graphnode-backend-api/data/rdk7542/224088/b8464kg/entservices-runtime-224088/WebKitBrowser/InjectedBundle/HawaiiMessage.cpp
2025-11-25 16:46:58,472 - Knowledge - INFO - [LLM_CALL] Completed: ClassDefinition.cpp:chunk1, Duration: 22044ms, PromptTokens: 2136, CompletionTokens: 429, Cost: $0.00039
2025-11-25 16:46:58,473 - Knowledge - INFO - done ingest for /Users/veera/Documents/kavia-backend/graphnode-backend-api/data/rdk7542/224088/b8464kg/entservices-runtime-224088/WebKitBrowser/InjectedBundle/ClassDefinition.cpp
2025-11-25 16:46:58,474 - Knowledge - INFO - [LLM_CALL] Completed: PingPongEnabled.h:chunk1, Duration: 21846ms, PromptTokens: 3074, CompletionTokens: 549, Cost: $0.00053
2025-11-25 16:46:58,475 - Knowledge - INFO - done ingest for /Users/veera/Documents/kavia-backend/graphnode-backend-api/data/rdk7542/224088/b8464kg/entservices-runtime-224088/helpers/WebSockets/PingPong/PingPongEnabled.h
2025-11-25 16:46:58,769 - Knowledge - INFO - [LLM_CALL] Completed: UtilsgetFileContent.h:chunk1, Duration: 22022ms, PromptTokens: 5214, CompletionTokens: 499, Cost: $0.00072
2025-11-25 16:46:58,776 - Knowledge - INFO - done ingest for /Users/veera/Documents/kavia-backend/graphnode-backend-api/data/rdk7542/224088/b8464kg/entservices-runtime-224088/helpers/UtilsgetFileContent.h
2025-11-25 16:46:59,171 - Knowledge - INFO - [LLM_CALL] Completed: SingleClientServer.h:chunk1, Duration: 22582ms, PromptTokens: 2162, CompletionTokens: 343, Cost: $0.00035
2025-11-25 16:46:59,172 - Knowledge - INFO - done ingest for /Users/veera/Documents/kavia-backend/graphnode-backend-api/data/rdk7542/224088/b8464kg/entservices-runtime-224088/helpers/WebSockets/Roles/SingleClientServer.h
2025-11-25 16:46:59,330 - Knowledge - INFO - [LLM_CALL] Completed: UtilsString.h:chunk1, Duration: 22831ms, PromptTokens: 4436, CompletionTokens: 694, Cost: $0.00072
2025-11-25 16:46:59,331 - Knowledge - INFO - done ingest for /Users/veera/Documents/kavia-backend/graphnode-backend-api/data/rdk7542/224088/b8464kg/entservices-runtime-224088/helpers/UtilsString.h
2025-11-25 16:46:59,391 - Knowledge - INFO - [WEBSOCKET] Sent: Type=progress_update, Size: 289, Duration: 0ms
2025-11-25 16:46:59,392 - Knowledge - INFO - [WEBSOCKET] Sent: Type=unknown, Size: ?, Duration: 1ms
2025-11-25 16:46:59,392 - Knowledge - INFO - Progress: 27.5% | Files: 42/153 | Rate: 1.66 files/sec | Queue: 0
2025-11-25 16:46:59,463 - Knowledge - INFO - Processing batch of 10 files
2025-11-25 16:46:59,463 - Knowledge - INFO - process ingested knowledge for /Users/veera/Documents/kavia-backend/graphnode-backend-api/data/rdk7542/224088/b8464kg/entservices-runtime-224088/cmake/FindAC.cmake
2025-11-25 16:46:59,466 - Knowledge - INFO - process ingested knowledge for /Users/veera/Documents/kavia-backend/graphnode-backend-api/data/rdk7542/224088/b8464kg/entservices-runtime-224088/cmake/FindLibSoup.cmake
2025-11-25 16:46:59,483 - Knowledge - INFO - process ingested knowledge for /Users/veera/Documents/kavia-backend/graphnode-backend-api/data/rdk7542/224088/b8464kg/entservices-runtime-224088/cmake/FindNXCLIENT.cmake
2025-11-25 16:46:59,503 - Knowledge - INFO - process ingested knowledge for /Users/veera/Documents/kavia-backend/graphnode-backend-api/data/rdk7542/224088/b8464kg/entservices-runtime-224088/CHANGELOG.md
2025-11-25 16:46:59,621 - Knowledge - INFO - Processing batch of 10 files
2025-11-25 16:46:59,631 - Knowledge - INFO - process ingested knowledge for /Users/veera/Documents/kavia-backend/graphnode-backend-api/data/rdk7542/224088/b8464kg/entservices-runtime-224088/WebKitBrowser/HTML5Notification.h
2025-11-25 16:46:59,662 - Knowledge - INFO - Processing batch of 3 files
2025-11-25 16:46:59,662 - Knowledge - INFO - process ingested knowledge for /Users/veera/Documents/kavia-backend/graphnode-backend-api/data/rdk7542/224088/b8464kg/entservices-runtime-224088/PerformanceMetrics/TraceOutput.cpp
2025-11-25 16:46:59,678 - Knowledge - INFO - process ingested knowledge for /Users/veera/Documents/kavia-backend/graphnode-backend-api/data/rdk7542/224088/b8464kg/entservices-runtime-224088/README.md
2025-11-25 16:46:59,870 - Knowledge - INFO - process ingested knowledge for /Users/veera/Documents/kavia-backend/graphnode-backend-api/data/rdk7542/224088/b8464kg/entservices-runtime-224088/WebKitBrowser/WebKitBrowserJsonRpc.cpp
2025-11-25 16:47:00,093 - Knowledge - INFO - process ingested knowledge for /Users/veera/Documents/kavia-backend/graphnode-backend-api/data/rdk7542/224088/b8464kg/entservices-runtime-224088/services.cmake
2025-11-25 16:47:00,277 - Knowledge - INFO - process ingested knowledge for /Users/veera/Documents/kavia-backend/graphnode-backend-api/data/rdk7542/224088/b8464kg/entservices-runtime-224088/CONTRIBUTING.md
2025-11-25 16:47:00,308 - Knowledge - INFO - [LLM_CALL] Completed: UtilsInputValidator.h:chunk1, Duration: 23624ms, PromptTokens: 4898, CompletionTokens: 502, Cost: $0.00069
2025-11-25 16:47:00,315 - Knowledge - INFO - done ingest for /Users/veera/Documents/kavia-backend/graphnode-backend-api/data/rdk7542/224088/b8464kg/entservices-runtime-224088/helpers/UtilsInputValidator.h
2025-11-25 16:47:00,470 - Knowledge - INFO - process ingested knowledge for /Users/veera/Documents/kavia-backend/graphnode-backend-api/data/rdk7542/224088/b8464kg/entservices-runtime-224088/WebKitBrowser/LoggingUtils.h
2025-11-25 16:47:00,480 - Knowledge - INFO - process ingested knowledge for /Users/veera/Documents/kavia-backend/graphnode-backend-api/data/rdk7542/224088/b8464kg/entservices-runtime-224088/build_dependencies.sh
2025-11-25 16:47:00,934 - Knowledge - INFO - process ingested knowledge for /Users/veera/Documents/kavia-backend/graphnode-backend-api/data/rdk7542/224088/b8464kg/entservices-runtime-224088/helpers/UtilsJsonRpc.h
2025-11-25 16:47:00,935 - Knowledge - INFO - process ingested knowledge for /Users/veera/Documents/kavia-backend/graphnode-backend-api/data/rdk7542/224088/b8464kg/entservices-runtime-224088/PerformanceMetrics/Module.h
2025-11-25 16:47:01,045 - Knowledge - INFO - [LLM_CALL] Completed: UtilsSynchro.hpp:chunk1, Duration: 24282ms, PromptTokens: 2922, CompletionTokens: 530, Cost: $0.00050
2025-11-25 16:47:01,107 - Knowledge - INFO - done ingest for /Users/veera/Documents/kavia-backend/graphnode-backend-api/data/rdk7542/224088/b8464kg/entservices-runtime-224088/helpers/UtilsSynchro.hpp
2025-11-25 16:47:01,203 - Knowledge - INFO - process ingested knowledge for /Users/veera/Documents/kavia-backend/graphnode-backend-api/data/rdk7542/224088/b8464kg/entservices-runtime-224088/PerformanceMetrics/SyslogOutput.cpp
2025-11-25 16:47:01,258 - Knowledge - INFO - [LLM_CALL] Completed: PluginInterfaceBuilder.h:chunk1, Duration: 24505ms, PromptTokens: 2836, CompletionTokens: 431, Cost: $0.00046
2025-11-25 16:47:01,258 - Knowledge - INFO - done ingest for /Users/veera/Documents/kavia-backend/graphnode-backend-api/data/rdk7542/224088/b8464kg/entservices-runtime-224088/helpers/PluginInterfaceBuilder.h
2025-11-25 16:47:01,275 - Knowledge - INFO - [LLM_CALL] Completed: PerformanceMetrics.cpp:chunk1, Duration: 24521ms, PromptTokens: 2876, CompletionTokens: 674, Cost: $0.00056
2025-11-25 16:47:01,275 - Knowledge - INFO - done ingest for /Users/veera/Documents/kavia-backend/graphnode-backend-api/data/rdk7542/224088/b8464kg/entservices-runtime-224088/PerformanceMetrics/PerformanceMetrics.cpp
2025-11-25 16:47:01,868 - Knowledge - INFO - process ingested knowledge for /Users/veera/Documents/kavia-backend/graphnode-backend-api/data/rdk7542/224088/b8464kg/entservices-runtime-224088/WebKitBrowser/doc/javascript/CORS/test.html
2025-11-25 16:47:01,883 - Knowledge - INFO - process ingested knowledge for /Users/veera/Documents/kavia-backend/graphnode-backend-api/data/rdk7542/224088/b8464kg/entservices-runtime-224088/helpers/frontpanel.h
2025-11-25 16:47:02,300 - Knowledge - INFO - done ingest for /Users/veera/Documents/kavia-backend/graphnode-backend-api/data/rdk7542/224088/b8464kg/entservices-runtime-224088/WebKitBrowser/Extension/WhiteListedOriginDomainsList.cpp
2025-11-25 16:47:03,101 - Knowledge - INFO - [LLM_CALL] Completed: LoggingUtils.cpp:chunk1, Duration: 26938ms, PromptTokens: 2840, CompletionTokens: 331, Cost: $0.00042
2025-11-25 16:47:03,163 - Knowledge - INFO - done ingest for /Users/veera/Documents/kavia-backend/graphnode-backend-api/data/rdk7542/224088/b8464kg/entservices-runtime-224088/WebKitBrowser/LoggingUtils.cpp
2025-11-25 16:47:03,181 - Knowledge - INFO - process ingested knowledge for /Users/veera/Documents/kavia-backend/graphnode-backend-api/data/rdk7542/224088/b8464kg/entservices-runtime-224088/WebKitBrowser/doc/WebKitBrowserPlugin.md
2025-11-25 16:47:03,255 - Knowledge - INFO - done ingest for /Users/veera/Documents/kavia-backend/graphnode-backend-api/data/rdk7542/224088/b8464kg/entservices-runtime-224088/WebKitBrowser/Extension/RequestHeaders.cpp
2025-11-25 16:47:03,309 - Knowledge - INFO - Processing batch of 10 files
2025-11-25 16:47:03,343 - Knowledge - INFO - process ingested knowledge for /Users/veera/Documents/kavia-backend/graphnode-backend-api/data/rdk7542/224088/b8464kg/entservices-runtime-224088/helpers/WebSockets/CommunicationInterface/JsonRpcInterface.h
2025-11-25 16:47:03,345 - Knowledge - INFO - done ingest for /Users/veera/Documents/kavia-backend/graphnode-backend-api/data/rdk7542/224088/b8464kg/entservices-runtime-224088/WebKitBrowser/InjectedBundle/main.cpp
2025-11-25 16:47:04,319 - Knowledge - INFO - [LLM_CALL] Completed: TimeZoneSupport.cpp:chunk1, Duration: 28135ms, PromptTokens: 2530, CompletionTokens: 461, Cost: $0.00044
2025-11-25 16:47:04,367 - Knowledge - INFO - done ingest for /Users/veera/Documents/kavia-backend/graphnode-backend-api/data/rdk7542/224088/b8464kg/entservices-runtime-224088/WebKitBrowser/TimeZone/TimeZoneSupport.cpp
2025-11-25 16:47:04,659 - Knowledge - INFO - process ingested knowledge for /Users/veera/Documents/kavia-backend/graphnode-backend-api/data/rdk7542/224088/b8464kg/entservices-runtime-224088/helpers/WebSockets/CommunicationInterface/BinaryInterface.h
2025-11-25 16:47:04,677 - Knowledge - INFO - [LLM_CALL] Completed: WSEndpoint.cpp:chunk1, Duration: 27994ms, PromptTokens: 5232, CompletionTokens: 793, Cost: $0.00084
2025-11-25 16:47:04,679 - Knowledge - INFO - done ingest for /Users/veera/Documents/kavia-backend/graphnode-backend-api/data/rdk7542/224088/b8464kg/entservices-runtime-224088/helpers/WebSockets/WSEndpoint.cpp
2025-11-25 16:47:05,119 - Knowledge - INFO - [LLM_CALL] Completed: PerformanceMetrics.h:chunk1, Duration: 28354ms, PromptTokens: 9740, CompletionTokens: 1316, Cost: $0.00150
2025-11-25 16:47:05,127 - Knowledge - INFO - done ingest for /Users/veera/Documents/kavia-backend/graphnode-backend-api/data/rdk7542/224088/b8464kg/entservices-runtime-224088/PerformanceMetrics/PerformanceMetrics.h
2025-11-25 16:47:05,148 - Knowledge - INFO - [WEBSOCKET] Sent: Type=progress_update, Size: 270, Duration: 0ms
2025-11-25 16:47:05,155 - Knowledge - INFO - [WEBSOCKET] Sent: Type=unknown, Size: ?, Duration: 7ms
2025-11-25 16:47:05,155 - Knowledge - INFO - Progress: 52.3% | Files: 80/153 | Rate: 2.59 files/sec | Queue: 0
2025-11-25 16:47:05,354 - Knowledge - INFO - process ingested knowledge for /Users/veera/Documents/kavia-backend/graphnode-backend-api/data/rdk7542/224088/b8464kg/entservices-runtime-224088/helpers/WebSockets/Encryption/NoEncryption.h
2025-11-25 16:47:05,368 - Knowledge - INFO - [LLM_CALL] Completed: UtilsController.h:chunk1, Duration: 28165ms, PromptTokens: 4070, CompletionTokens: 701, Cost: $0.00069
2025-11-25 16:47:05,382 - Knowledge - INFO - done ingest for /Users/veera/Documents/kavia-backend/graphnode-backend-api/data/rdk7542/224088/b8464kg/entservices-runtime-224088/helpers/UtilsController.h
2025-11-25 16:47:05,820 - Knowledge - INFO - process ingested knowledge for /Users/veera/Documents/kavia-backend/graphnode-backend-api/data/rdk7542/224088/b8464kg/entservices-runtime-224088/helpers/WebSockets/Encryption/TlsEnabled.h
2025-11-25 16:47:05,947 - Knowledge - INFO - process ingested knowledge for /Users/veera/Documents/kavia-backend/graphnode-backend-api/data/rdk7542/224088/b8464kg/entservices-runtime-224088/helpers/WebSockets/JsonRpc/Notification.h
2025-11-25 16:47:05,983 - Knowledge - INFO - Processing batch of 12 files
2025-11-25 16:47:06,010 - Knowledge - INFO - process ingested knowledge for /Users/veera/Documents/kavia-backend/graphnode-backend-api/data/rdk7542/224088/b8464kg/entservices-runtime-224088/WebKitBrowser/CookieJarCrypto/CMakeLists.txt
2025-11-25 16:47:06,218 - Knowledge - INFO - process ingested knowledge for /Users/veera/Documents/kavia-backend/graphnode-backend-api/data/rdk7542/224088/b8464kg/entservices-runtime-224088/helpers/WebSockets/JsonRpc/Response.h
2025-11-25 16:47:06,350 - Knowledge - INFO - [LLM_CALL] Completed: frontpanel.cpp:chunk1, Duration: 29723ms, PromptTokens: 10952, CompletionTokens: 1340, Cost: $0.00163
2025-11-25 16:47:06,351 - Knowledge - INFO - done ingest for /Users/veera/Documents/kavia-backend/graphnode-backend-api/data/rdk7542/224088/b8464kg/entservices-runtime-224088/helpers/frontpanel.cpp
2025-11-25 16:47:06,364 - Knowledge - INFO - process ingested knowledge for /Users/veera/Documents/kavia-backend/graphnode-backend-api/data/rdk7542/224088/b8464kg/entservices-runtime-224088/helpers/WebSockets/JsonRpc/Notification.cpp
2025-11-25 16:47:06,396 - Knowledge - INFO - process ingested knowledge for /Users/veera/Documents/kavia-backend/graphnode-backend-api/data/rdk7542/224088/b8464kg/entservices-runtime-224088/helpers/WebSockets/JsonRpc/Request.cpp
2025-11-25 16:47:06,410 - Knowledge - INFO - process ingested knowledge for /Users/veera/Documents/kavia-backend/graphnode-backend-api/data/rdk7542/224088/b8464kg/entservices-runtime-224088/helpers/WebSockets/JsonRpc/Response.cpp
2025-11-25 16:47:06,636 - Knowledge - INFO - done ingest for /Users/veera/Documents/kavia-backend/graphnode-backend-api/data/rdk7542/224088/b8464kg/entservices-runtime-224088/WebKitBrowser/Extension/BridgeObject.cpp
2025-11-25 16:47:06,637 - Knowledge - INFO - process ingested knowledge for /Users/veera/Documents/kavia-backend/graphnode-backend-api/data/rdk7542/224088/b8464kg/entservices-runtime-224088/helpers/WebSockets/JsonRpc/Request.h
2025-11-25 16:47:06,806 - Knowledge - INFO - process ingested knowledge for /Users/veera/Documents/kavia-backend/graphnode-backend-api/data/rdk7542/224088/b8464kg/entservices-runtime-224088/WebKitBrowser/Tags.h
2025-11-25 16:47:07,693 - Knowledge - INFO - process ingested knowledge for /Users/veera/Documents/kavia-backend/graphnode-backend-api/data/rdk7542/224088/b8464kg/entservices-runtime-224088/WebKitBrowser/CookieJarCrypto/CookieJarCryptoExample.h
2025-11-25 16:47:07,796 - Knowledge - INFO - [LLM_CALL] Completed: WebKitBrowser.cpp:chunk1, Duration: 31956ms, PromptTokens: 9168, CompletionTokens: 1719, Cost: $0.00160
2025-11-25 16:47:07,797 - Knowledge - INFO - process ingested knowledge for /Users/veera/Documents/kavia-backend/graphnode-backend-api/data/rdk7542/224088/b8464kg/entservices-runtime-224088/WebKitBrowser/Module.h
2025-11-25 16:47:07,803 - Knowledge - INFO - done ingest for /Users/veera/Documents/kavia-backend/graphnode-backend-api/data/rdk7542/224088/b8464kg/entservices-runtime-224088/WebKitBrowser/WebKitBrowser.cpp
2025-11-25 16:47:07,945 - Knowledge - INFO - process ingested knowledge for /Users/veera/Documents/kavia-backend/graphnode-backend-api/data/rdk7542/224088/b8464kg/entservices-runtime-224088/WebKitBrowser/cmake/FindAampJSBindings.cmake
2025-11-25 16:47:07,988 - Knowledge - INFO - process ingested knowledge for /Users/veera/Documents/kavia-backend/graphnode-backend-api/data/rdk7542/224088/b8464kg/entservices-runtime-224088/WebKitBrowser/cmake/FindWPEWebKit.cmake
2025-11-25 16:47:07,993 - Knowledge - INFO - [WEBSOCKET] Sent: Type=progress_update, Size: 272, Duration: 0ms
2025-11-25 16:47:07,995 - Knowledge - INFO - [WEBSOCKET] Sent: Type=unknown, Size: ?, Duration: 2ms
2025-11-25 16:47:08,004 - Knowledge - INFO - Progress: 73.2% | Files: 114/153 | Rate: 3.36 files/sec | Queue: 0
2025-11-25 16:47:08,005 - Knowledge - INFO - process ingested knowledge for /Users/veera/Documents/kavia-backend/graphnode-backend-api/data/rdk7542/224088/b8464kg/entservices-runtime-224088/WebKitBrowser/WebKitImplementation.cpp
2025-11-25 16:47:08,012 - Knowledge - INFO - Processing batch of 12 files
2025-11-25 16:47:08,018 - Knowledge - INFO - process ingested knowledge for /Users/veera/Documents/kavia-backend/graphnode-backend-api/data/rdk7542/224088/b8464kg/entservices-runtime-224088/WebKitBrowser/InjectedBundle/CMakeLists.txt
2025-11-25 16:47:08,099 - Knowledge - INFO - process ingested knowledge for /Users/veera/Documents/kavia-backend/graphnode-backend-api/data/rdk7542/224088/b8464kg/entservices-runtime-224088/WebKitBrowser/InjectedBundle/BridgeObject.cpp
2025-11-25 16:47:08,106 - Knowledge - INFO - Processing batch of 12 files
2025-11-25 16:47:08,107 - Knowledge - INFO - process ingested knowledge for /Users/veera/Documents/kavia-backend/graphnode-backend-api/data/rdk7542/224088/b8464kg/entservices-runtime-224088/WebKitBrowser/cmake/FindWPEBackend.cmake
2025-11-25 16:47:08,107 - Knowledge - INFO - process ingested knowledge for /Users/veera/Documents/kavia-backend/graphnode-backend-api/data/rdk7542/224088/b8464kg/entservices-runtime-224088/WebKitBrowser/Extension/BridgeObject.h
2025-11-25 16:47:08,115 - Knowledge - INFO - process ingested knowledge for /Users/veera/Documents/kavia-backend/graphnode-backend-api/data/rdk7542/224088/b8464kg/entservices-runtime-224088/WebKitBrowser/CookieJar.cpp
2025-11-25 16:47:08,117 - Knowledge - INFO - process ingested knowledge for /Users/veera/Documents/kavia-backend/graphnode-backend-api/data/rdk7542/224088/b8464kg/entservices-runtime-224088/WebKitBrowser/InjectedBundle/NotifyWPEFramework.cpp
2025-11-25 16:47:08,118 - Knowledge - INFO - process ingested knowledge for /Users/veera/Documents/kavia-backend/graphnode-backend-api/data/rdk7542/224088/b8464kg/entservices-runtime-224088/CMakeLists.txt
2025-11-25 16:47:08,118 - Knowledge - INFO - process ingested knowledge for /Users/veera/Documents/kavia-backend/graphnode-backend-api/data/rdk7542/224088/b8464kg/entservices-runtime-224088/WebKitBrowser/InjectedBundle/WhiteListedOriginDomainsList.cpp
2025-11-25 16:47:08,119 - Knowledge - INFO - process ingested knowledge for /Users/veera/Documents/kavia-backend/graphnode-backend-api/data/rdk7542/224088/b8464kg/entservices-runtime-224088/WebKitBrowser/CHANGELOG.md
2025-11-25 16:47:08,167 - Knowledge - INFO - process ingested knowledge for /Users/veera/Documents/kavia-backend/graphnode-backend-api/data/rdk7542/224088/b8464kg/entservices-runtime-224088/WebKitBrowser/Extension/AAMPJSBindings.cpp
2025-11-25 16:47:08,168 - Knowledge - INFO - process ingested knowledge for /Users/veera/Documents/kavia-backend/graphnode-backend-api/data/rdk7542/224088/b8464kg/entservices-runtime-224088/WebKitBrowser/InjectedBundle/HawaiiMessage.cpp
2025-11-25 16:47:08,168 - Knowledge - INFO - process ingested knowledge for /Users/veera/Documents/kavia-backend/graphnode-backend-api/data/rdk7542/224088/b8464kg/entservices-runtime-224088/cmake/FindAamp.cmake
2025-11-25 16:47:08,169 - Knowledge - INFO - process ingested knowledge for /Users/veera/Documents/kavia-backend/graphnode-backend-api/data/rdk7542/224088/b8464kg/entservices-runtime-224088/WebKitBrowser/Extension/ProcessInfo.h
2025-11-25 16:47:08,178 - Knowledge - INFO - process ingested knowledge for /Users/veera/Documents/kavia-backend/graphnode-backend-api/data/rdk7542/224088/b8464kg/entservices-runtime-224088/WebKitBrowser/InjectedBundle/JavaScriptFunction.cpp
2025-11-25 16:47:08,180 - Knowledge - INFO - process ingested knowledge for /Users/veera/Documents/kavia-backend/graphnode-backend-api/data/rdk7542/224088/b8464kg/entservices-runtime-224088/WebKitBrowser/Extension/AAMPJSBindings.h
2025-11-25 16:47:08,194 - Knowledge - INFO - Processing batch of 10 files
2025-11-25 16:47:08,195 - Knowledge - INFO - process ingested knowledge for /Users/veera/Documents/kavia-backend/graphnode-backend-api/data/rdk7542/224088/b8464kg/entservices-runtime-224088/helpers/PowerManagerInterface.h
2025-11-25 16:47:08,230 - Knowledge - INFO - process ingested knowledge for /Users/veera/Documents/kavia-backend/graphnode-backend-api/data/rdk7542/224088/b8464kg/entservices-runtime-224088/WebKitBrowser/InjectedBundle/BridgeObject.h
2025-11-25 16:47:08,242 - Knowledge - INFO - process ingested knowledge for /Users/veera/Documents/kavia-backend/graphnode-backend-api/data/rdk7542/224088/b8464kg/entservices-runtime-224088/helpers/UtilsBIT.h
2025-11-25 16:47:08,243 - Knowledge - INFO - process ingested knowledge for /Users/veera/Documents/kavia-backend/graphnode-backend-api/data/rdk7542/224088/b8464kg/entservices-runtime-224088/WebKitBrowser/InjectedBundle/WhiteListedOriginDomainsList.h
2025-11-25 16:47:08,251 - Knowledge - INFO - process ingested knowledge for /Users/veera/Documents/kavia-backend/graphnode-backend-api/data/rdk7542/224088/b8464kg/entservices-runtime-224088/WebKitBrowser/InjectedBundle/Utils.h
2025-11-25 16:47:08,312 - Knowledge - INFO - process ingested knowledge for /Users/veera/Documents/kavia-backend/graphnode-backend-api/data/rdk7542/224088/b8464kg/entservices-runtime-224088/helpers/UtilsString.h
2025-11-25 16:47:08,313 - Knowledge - INFO - process ingested knowledge for /Users/veera/Documents/kavia-backend/graphnode-backend-api/data/rdk7542/224088/b8464kg/entservices-runtime-224088/WebKitBrowser/InjectedBundle/AAMPJSBindings.cpp
2025-11-25 16:47:08,316 - Knowledge - INFO - process ingested knowledge for /Users/veera/Documents/kavia-backend/graphnode-backend-api/data/rdk7542/224088/b8464kg/entservices-runtime-224088/WebKitBrowser/Extension/NotifyWPEFramework.h
2025-11-25 16:47:08,400 - Knowledge - INFO - Processing batch of 10 files
2025-11-25 16:47:08,401 - Knowledge - INFO - process ingested knowledge for /Users/veera/Documents/kavia-backend/graphnode-backend-api/data/rdk7542/224088/b8464kg/entservices-runtime-224088/helpers/UtilsUnused.h
2025-11-25 16:47:08,402 - Knowledge - INFO - process ingested knowledge for /Users/veera/Documents/kavia-backend/graphnode-backend-api/data/rdk7542/224088/b8464kg/entservices-runtime-224088/WebKitBrowser/Extension/RequestHeaders.h
2025-11-25 16:47:08,457 - Knowledge - INFO - process ingested knowledge for /Users/veera/Documents/kavia-backend/graphnode-backend-api/data/rdk7542/224088/b8464kg/entservices-runtime-224088/helpers/UtilsfileExists.h
2025-11-25 16:47:08,486 - Knowledge - INFO - process ingested knowledge for /Users/veera/Documents/kavia-backend/graphnode-backend-api/data/rdk7542/224088/b8464kg/entservices-runtime-224088/WebKitBrowser/InjectedBundle/RequestHeaders.cpp
2025-11-25 16:47:08,492 - Knowledge - INFO - process ingested knowledge for /Users/veera/Documents/kavia-backend/graphnode-backend-api/data/rdk7542/224088/b8464kg/entservices-runtime-224088/WebKitBrowser/InjectedBundle/JavaScriptFunctionType.h
2025-11-25 16:47:08,571 - Knowledge - INFO - process ingested knowledge for /Users/veera/Documents/kavia-backend/graphnode-backend-api/data/rdk7542/224088/b8464kg/entservices-runtime-224088/helpers/UtilsFile.h
2025-11-25 16:47:08,573 - Knowledge - INFO - process ingested knowledge for /Users/veera/Documents/kavia-backend/graphnode-backend-api/data/rdk7542/224088/b8464kg/entservices-runtime-224088/WebKitBrowser/InjectedBundle/AAMPJSBindings.h
2025-11-25 16:47:08,574 - Knowledge - INFO - process ingested knowledge for /Users/veera/Documents/kavia-backend/graphnode-backend-api/data/rdk7542/224088/b8464kg/entservices-runtime-224088/helpers/cSettings.h
2025-11-25 16:47:08,574 - Knowledge - INFO - process ingested knowledge for /Users/veera/Documents/kavia-backend/graphnode-backend-api/data/rdk7542/224088/b8464kg/entservices-runtime-224088/WebKitBrowser/InjectedBundle/Utils.cpp
2025-11-25 16:47:08,679 - Knowledge - INFO - process ingested knowledge for /Users/veera/Documents/kavia-backend/graphnode-backend-api/data/rdk7542/224088/b8464kg/entservices-runtime-224088/WebKitBrowser/InjectedBundle/NotifyWPEFramework.h
2025-11-25 16:47:08,682 - Knowledge - INFO - process ingested knowledge for /Users/veera/Documents/kavia-backend/graphnode-backend-api/data/rdk7542/224088/b8464kg/entservices-runtime-224088/WebKitBrowser/Extension/SecurityAgent.h
2025-11-25 16:47:08,722 - Knowledge - INFO - process ingested knowledge for /Users/veera/Documents/kavia-backend/graphnode-backend-api/data/rdk7542/224088/b8464kg/entservices-runtime-224088/helpers/UtilsSynchroIarm.hpp
2025-11-25 16:47:08,727 - Knowledge - INFO - process ingested knowledge for /Users/veera/Documents/kavia-backend/graphnode-backend-api/data/rdk7542/224088/b8464kg/entservices-runtime-224088/helpers/UtilsProcess.h
2025-11-25 16:47:08,731 - Knowledge - INFO - process ingested knowledge for /Users/veera/Documents/kavia-backend/graphnode-backend-api/data/rdk7542/224088/b8464kg/entservices-runtime-224088/WebKitBrowser/InjectedBundle/RequestHeaders.h
2025-11-25 16:47:08,837 - Knowledge - INFO - process ingested knowledge for /Users/veera/Documents/kavia-backend/graphnode-backend-api/data/rdk7542/224088/b8464kg/entservices-runtime-224088/WebKitBrowser/Extension/Milestone.cpp
2025-11-25 16:47:08,839 - Knowledge - INFO - process ingested knowledge for /Users/veera/Documents/kavia-backend/graphnode-backend-api/data/rdk7542/224088/b8464kg/entservices-runtime-224088/WebKitBrowser/InjectedBundle/ClassDefinition.h
2025-11-25 16:47:08,839 - Knowledge - INFO - process ingested knowledge for /Users/veera/Documents/kavia-backend/graphnode-backend-api/data/rdk7542/224088/b8464kg/entservices-runtime-224088/helpers/UtilsSearchRDKProfile.h
2025-11-25 16:47:08,909 - Knowledge - INFO - Processing batch of 12 files
2025-11-25 16:47:08,910 - Knowledge - INFO - process ingested knowledge for /Users/veera/Documents/kavia-backend/graphnode-backend-api/data/rdk7542/224088/b8464kg/entservices-runtime-224088/WebKitBrowser/InjectedBundle/Milestone.cpp
2025-11-25 16:47:09,111 - Knowledge - INFO - process ingested knowledge for /Users/veera/Documents/kavia-backend/graphnode-backend-api/data/rdk7542/224088/b8464kg/entservices-runtime-224088/WebKitBrowser/InjectedBundle/Module.h
2025-11-25 16:47:09,137 - Knowledge - INFO - Processing batch of 10 files
2025-11-25 16:47:09,138 - Knowledge - INFO - process ingested knowledge for /Users/veera/Documents/kavia-backend/graphnode-backend-api/data/rdk7542/224088/b8464kg/entservices-runtime-224088/helpers/UtilsLogging.h
2025-11-25 16:47:09,141 - Knowledge - INFO - Processing batch of 12 files
2025-11-25 16:47:09,141 - Knowledge - INFO - process ingested knowledge for /Users/veera/Documents/kavia-backend/graphnode-backend-api/data/rdk7542/224088/b8464kg/entservices-runtime-224088/WebKitBrowser/WebKitBrowser.cpp
2025-11-25 16:47:09,214 - Knowledge - INFO - process ingested knowledge for /Users/veera/Documents/kavia-backend/graphnode-backend-api/data/rdk7542/224088/b8464kg/entservices-runtime-224088/WebKitBrowser/Extension/Module.h
2025-11-25 16:47:09,306 - Knowledge - INFO - Processing batch of 10 files
2025-11-25 16:47:09,306 - Knowledge - INFO - process ingested knowledge for /Users/veera/Documents/kavia-backend/graphnode-backend-api/data/rdk7542/224088/b8464kg/entservices-runtime-224088/helpers/WebSockets/Roles/Client.h
2025-11-25 16:47:09,324 - Knowledge - INFO - process ingested knowledge for /Users/veera/Documents/kavia-backend/graphnode-backend-api/data/rdk7542/224088/b8464kg/entservices-runtime-224088/cov_build.sh
2025-11-25 16:47:09,325 - Knowledge - INFO - process ingested knowledge for /Users/veera/Documents/kavia-backend/graphnode-backend-api/data/rdk7542/224088/b8464kg/entservices-runtime-224088/helpers/UtilsIarm.h
2025-11-25 16:47:09,326 - Knowledge - INFO - process ingested knowledge for /Users/veera/Documents/kavia-backend/graphnode-backend-api/data/rdk7542/224088/b8464kg/entservices-runtime-224088/WebKitBrowser/Extension/main.cpp
2025-11-25 16:47:09,392 - Knowledge - INFO - process ingested knowledge for /Users/veera/Documents/kavia-backend/graphnode-backend-api/data/rdk7542/224088/b8464kg/entservices-runtime-224088/WebKitBrowser/Extension/Milestone.h
2025-11-25 16:47:09,393 - Knowledge - INFO - process ingested knowledge for /Users/veera/Documents/kavia-backend/graphnode-backend-api/data/rdk7542/224088/b8464kg/entservices-runtime-224088/WebKitBrowser/InjectedBundle/main.cpp
2025-11-25 16:47:09,500 - Knowledge - INFO - process ingested knowledge for /Users/veera/Documents/kavia-backend/graphnode-backend-api/data/rdk7542/224088/b8464kg/entservices-runtime-224088/WebKitBrowser/LoggingUtils.cpp
2025-11-25 16:47:09,502 - Knowledge - INFO - process ingested knowledge for /Users/veera/Documents/kavia-backend/graphnode-backend-api/data/rdk7542/224088/b8464kg/entservices-runtime-224088/PerformanceMetrics/PerformanceMetrics.cpp
2025-11-25 16:47:09,502 - Knowledge - INFO - process ingested knowledge for /Users/veera/Documents/kavia-backend/graphnode-backend-api/data/rdk7542/224088/b8464kg/entservices-runtime-224088/helpers/UtilsLOG_MILESTONE.h
2025-11-25 16:47:09,503 - Knowledge - INFO - process ingested knowledge for /Users/veera/Documents/kavia-backend/graphnode-backend-api/data/rdk7542/224088/b8464kg/entservices-runtime-224088/PerformanceMetrics/CMakeLists.txt
2025-11-25 16:47:09,503 - Knowledge - INFO - process ingested knowledge for /Users/veera/Documents/kavia-backend/graphnode-backend-api/data/rdk7542/224088/b8464kg/entservices-runtime-224088/PerformanceMetrics/CHANGELOG.md
2025-11-25 16:47:09,504 - Knowledge - INFO - process ingested knowledge for /Users/veera/Documents/kavia-backend/graphnode-backend-api/data/rdk7542/224088/b8464kg/entservices-runtime-224088/WebKitBrowser/CMakeLists.txt
2025-11-25 16:47:09,504 - Knowledge - INFO - process ingested knowledge for /Users/veera/Documents/kavia-backend/graphnode-backend-api/data/rdk7542/224088/b8464kg/entservices-runtime-224088/helpers/WebSockets/Roles/SingleClientServer.h
2025-11-25 16:47:09,504 - Knowledge - INFO - process ingested knowledge for /Users/veera/Documents/kavia-backend/graphnode-backend-api/data/rdk7542/224088/b8464kg/entservices-runtime-224088/PerformanceMetrics/Module.cpp
2025-11-25 16:47:09,561 - Knowledge - INFO - process ingested knowledge for /Users/veera/Documents/kavia-backend/graphnode-backend-api/data/rdk7542/224088/b8464kg/entservices-runtime-224088/WebKitBrowser/InjectedBundle/ClassDefinition.cpp
2025-11-25 16:47:09,566 - Knowledge - INFO - process ingested knowledge for /Users/veera/Documents/kavia-backend/graphnode-backend-api/data/rdk7542/224088/b8464kg/entservices-runtime-224088/WebKitBrowser/Extension/SecurityAgent.cpp
2025-11-25 16:47:09,567 - Knowledge - INFO - process ingested knowledge for /Users/veera/Documents/kavia-backend/graphnode-backend-api/data/rdk7542/224088/b8464kg/entservices-runtime-224088/helpers/frontpanel.cpp
2025-11-25 16:47:09,568 - Knowledge - INFO - process ingested knowledge for /Users/veera/Documents/kavia-backend/graphnode-backend-api/data/rdk7542/224088/b8464kg/entservices-runtime-224088/WebKitBrowser/InjectedBundle/JavaScriptFunction.h
2025-11-25 16:47:09,609 - Knowledge - INFO - process ingested knowledge for /Users/veera/Documents/kavia-backend/graphnode-backend-api/data/rdk7542/224088/b8464kg/entservices-runtime-224088/PerformanceMetrics/PerformanceMetrics.h
2025-11-25 16:47:09,610 - Knowledge - INFO - process ingested knowledge for /Users/veera/Documents/kavia-backend/graphnode-backend-api/data/rdk7542/224088/b8464kg/entservices-runtime-224088/helpers/tptimer.h
2025-11-25 16:47:09,610 - Knowledge - INFO - process ingested knowledge for /Users/veera/Documents/kavia-backend/graphnode-backend-api/data/rdk7542/224088/b8464kg/entservices-runtime-224088/helpers/WebSockets/PingPong/PingPongEnabled.h
2025-11-25 16:47:10,008 - Knowledge - INFO - process ingested knowledge for /Users/veera/Documents/kavia-backend/graphnode-backend-api/data/rdk7542/224088/b8464kg/entservices-runtime-224088/helpers/UtilsThreadRAII.h
2025-11-25 16:47:10,265 - Knowledge - INFO - process ingested knowledge for /Users/veera/Documents/kavia-backend/graphnode-backend-api/data/rdk7542/224088/b8464kg/entservices-runtime-224088/helpers/UtilsInputValidator.h
2025-11-25 16:47:10,266 - Knowledge - INFO - process ingested knowledge for /Users/veera/Documents/kavia-backend/graphnode-backend-api/data/rdk7542/224088/b8464kg/entservices-runtime-224088/WebKitBrowser/TimeZone/TimeZoneSupport.h
2025-11-25 16:47:10,302 - Knowledge - INFO - process ingested knowledge for /Users/veera/Documents/kavia-backend/graphnode-backend-api/data/rdk7542/224088/b8464kg/entservices-runtime-224088/helpers/UtilsCStr.h
2025-11-25 16:47:10,489 - Knowledge - INFO - process ingested knowledge for /Users/veera/Documents/kavia-backend/graphnode-backend-api/data/rdk7542/224088/b8464kg/entservices-runtime-224088/helpers/WebSockets/CommunicationInterface/CommandInterface.h
2025-11-25 16:47:10,529 - Knowledge - INFO - process ingested knowledge for /Users/veera/Documents/kavia-backend/graphnode-backend-api/data/rdk7542/224088/b8464kg/entservices-runtime-224088/helpers/PluginInterfaceBuilder.h
2025-11-25 16:47:10,534 - Knowledge - INFO - process ingested knowledge for /Users/veera/Documents/kavia-backend/graphnode-backend-api/data/rdk7542/224088/b8464kg/entservices-runtime-224088/helpers/WebSockets/PingPong/PingPongDisabled.h
2025-11-25 16:47:11,013 - Knowledge - INFO - process ingested knowledge for /Users/veera/Documents/kavia-backend/graphnode-backend-api/data/rdk7542/224088/b8464kg/entservices-runtime-224088/WebKitBrowser/TimeZone/TimeZoneSupport.cpp
2025-11-25 16:47:11,090 - Knowledge - INFO - process ingested knowledge for /Users/veera/Documents/kavia-backend/graphnode-backend-api/data/rdk7542/224088/b8464kg/entservices-runtime-224088/helpers/UtilsSynchro.hpp
2025-11-25 16:47:11,154 - Knowledge - INFO - process ingested knowledge for /Users/veera/Documents/kavia-backend/graphnode-backend-api/data/rdk7542/224088/b8464kg/entservices-runtime-224088/helpers/WebSockets/ConnectionInitializationResult.h
2025-11-25 16:47:11,222 - Knowledge - INFO - process ingested knowledge for /Users/veera/Documents/kavia-backend/graphnode-backend-api/data/rdk7542/224088/b8464kg/entservices-runtime-224088/WebKitBrowser/InjectedBundle/Milestone.h
2025-11-25 16:47:11,224 - Knowledge - INFO - process ingested knowledge for /Users/veera/Documents/kavia-backend/graphnode-backend-api/data/rdk7542/224088/b8464kg/entservices-runtime-224088/WebKitBrowser/InjectedBundle/SecurityAgent.cpp
2025-11-25 16:47:11,262 - Knowledge - INFO - process ingested knowledge for /Users/veera/Documents/kavia-backend/graphnode-backend-api/data/rdk7542/224088/b8464kg/entservices-runtime-224088/WebKitBrowser/Extension/WhiteListedOriginDomainsList.h
2025-11-25 16:47:11,390 - Knowledge - INFO - process ingested knowledge for /Users/veera/Documents/kavia-backend/graphnode-backend-api/data/rdk7542/224088/b8464kg/entservices-runtime-224088/WebKitBrowser/Module.cpp
2025-11-25 16:47:11,492 - Knowledge - INFO - process ingested knowledge for /Users/veera/Documents/kavia-backend/graphnode-backend-api/data/rdk7542/224088/b8464kg/entservices-runtime-224088/helpers/UtilsgetRFCConfig.h
2025-11-25 16:47:11,531 - Knowledge - INFO - process ingested knowledge for /Users/veera/Documents/kavia-backend/graphnode-backend-api/data/rdk7542/224088/b8464kg/entservices-runtime-224088/WebKitBrowser/CookieJar.h
2025-11-25 16:47:11,533 - Knowledge - INFO - process ingested knowledge for /Users/veera/Documents/kavia-backend/graphnode-backend-api/data/rdk7542/224088/b8464kg/entservices-runtime-224088/WebKitBrowser/Extension/RequestHeaders.cpp
2025-11-25 16:47:11,575 - Knowledge - INFO - process ingested knowledge for /Users/veera/Documents/kavia-backend/graphnode-backend-api/data/rdk7542/224088/b8464kg/entservices-runtime-224088/WebKitBrowser/BrowserConsoleLog.h
2025-11-25 16:47:11,617 - Knowledge - INFO - [WEBSOCKET] Sent: Type=progress_update, Size: 273, Duration: 0ms
2025-11-25 16:47:11,621 - Knowledge - INFO - [WEBSOCKET] Sent: Type=unknown, Size: ?, Duration: 4ms
2025-11-25 16:47:11,621 - Knowledge - INFO - Progress: 100.0% | Files: 153/153 | Rate: 4.07 files/sec | Queue: 0
2025-11-25 16:47:11,717 - Knowledge - INFO - process ingested knowledge for /Users/veera/Documents/kavia-backend/graphnode-backend-api/data/rdk7542/224088/b8464kg/entservices-runtime-224088/WebKitBrowser/Extension/CMakeLists.txt
2025-11-25 16:47:11,846 - Knowledge - INFO - process ingested knowledge for /Users/veera/Documents/kavia-backend/graphnode-backend-api/data/rdk7542/224088/b8464kg/entservices-runtime-224088/WebKitBrowser/Extension/BridgeObject.cpp
2025-11-25 16:47:11,850 - Knowledge - INFO - process ingested knowledge for /Users/veera/Documents/kavia-backend/graphnode-backend-api/data/rdk7542/224088/b8464kg/entservices-runtime-224088/helpers/WebSockets/WSEndpoint.h
2025-11-25 16:47:11,850 - Knowledge - INFO - process ingested knowledge for /Users/veera/Documents/kavia-backend/graphnode-backend-api/data/rdk7542/224088/b8464kg/entservices-runtime-224088/WebKitBrowser/Extension/NotifyWPEFramework.cpp
2025-11-25 16:47:11,851 - Knowledge - INFO - process ingested knowledge for /Users/veera/Documents/kavia-backend/graphnode-backend-api/data/rdk7542/224088/b8464kg/entservices-runtime-224088/WebKitBrowser/WebKitBrowser.h
2025-11-25 16:47:11,851 - Knowledge - INFO - process ingested knowledge for /Users/veera/Documents/kavia-backend/graphnode-backend-api/data/rdk7542/224088/b8464kg/entservices-runtime-224088/WebKitBrowser/Extension/WhiteListedOriginDomainsList.cpp
2025-11-25 16:47:11,937 - Knowledge - INFO - process ingested knowledge for /Users/veera/Documents/kavia-backend/graphnode-backend-api/data/rdk7542/224088/b8464kg/entservices-runtime-224088/helpers/UtilssyncPersistFile.h
2025-11-25 16:47:11,937 - Knowledge - INFO - process ingested knowledge for /Users/veera/Documents/kavia-backend/graphnode-backend-api/data/rdk7542/224088/b8464kg/entservices-runtime-224088/WebKitBrowser/Tags.cpp
2025-11-25 16:47:11,938 - Knowledge - INFO - process ingested knowledge for /Users/veera/Documents/kavia-backend/graphnode-backend-api/data/rdk7542/224088/b8464kg/entservices-runtime-224088/WebKitBrowser/Extension/ProcessInfo.cpp
2025-11-25 16:47:11,938 - Knowledge - INFO - process ingested knowledge for /Users/veera/Documents/kavia-backend/graphnode-backend-api/data/rdk7542/224088/b8464kg/entservices-runtime-224088/helpers/UtilsController.h
2025-11-25 16:47:11,939 - Knowledge - INFO - process ingested knowledge for /Users/veera/Documents/kavia-backend/graphnode-backend-api/data/rdk7542/224088/b8464kg/entservices-runtime-224088/helpers/WebSockets/WSEndpoint.cpp
2025-11-25 16:47:12,063 - Knowledge - INFO - process ingested knowledge for /Users/veera/Documents/kavia-backend/graphnode-backend-api/data/rdk7542/224088/b8464kg/entservices-runtime-224088/helpers/UtilsisValidInt.h
2025-11-25 16:47:12,609 - Knowledge - INFO - process ingested knowledge for /Users/veera/Documents/kavia-backend/graphnode-backend-api/data/rdk7542/224088/b8464kg/entservices-runtime-224088/helpers/UtilsTelemetry.h
2025-11-25 16:47:12,611 - Knowledge - INFO - process ingested knowledge for /Users/veera/Documents/kavia-backend/graphnode-backend-api/data/rdk7542/224088/b8464kg/entservices-runtime-224088/helpers/UtilsgetFileContent.h
2025-11-25 16:47:15,143 - Knowledge - INFO - Knowledge creation complete
2025-11-25 16:47:15,144 - Knowledge - INFO - ==================================================
2025-11-25 16:47:15,144 - Knowledge - INFO - KNOWLEDGE GRAPH GENERATION PERFORMANCE SUMMARY
2025-11-25 16:47:15,144 - Knowledge - INFO - ==================================================
2025-11-25 16:47:15,144 - Knowledge - INFO - Total processing time: 41.14 seconds (0.69 minutes)
2025-11-25 16:47:15,144 - Knowledge - INFO - Files processed: 0
2025-11-25 16:47:15,144 - Knowledge - INFO - Processing rate: 0.00 files/second
2025-11-25 16:47:15,145 - Knowledge - INFO - 
[TIME_BREAKDOWN]
2025-11-25 16:47:15,145 - Knowledge - INFO - File Reading: 0.00s (0.0%)
2025-11-25 16:47:15,145 - Knowledge - INFO - LLM Processing: 746.24s (1813.7%)
2025-11-25 16:47:15,145 - Knowledge - INFO - MongoDB Operations: 0.00s (0.0%)
2025-11-25 16:47:15,145 - Knowledge - INFO - Redis Operations: 0.00s (0.0%)
2025-11-25 16:47:15,145 - Knowledge - INFO - WebSocket Communication: 0.02s (0.0%)
2025-11-25 16:47:15,145 - Knowledge - INFO - 
[LLM_STATS]
2025-11-25 16:47:15,145 - Knowledge - INFO - Total LLM calls: 39
2025-11-25 16:47:15,145 - Knowledge - INFO - Average LLM response time: 19134ms
2025-11-25 16:47:15,145 - Knowledge - INFO - Average prompt tokens: 4235.1
2025-11-25 16:47:15,145 - Knowledge - INFO - Average completion tokens: 595.4
2025-11-25 16:47:15,145 - Knowledge - INFO - Total prompt tokens: 165170
2025-11-25 16:47:15,145 - Knowledge - INFO - Total completion tokens: 23219
2025-11-25 16:47:15,146 - Knowledge - INFO - Total LLM cost: $0.0258
2025-11-25 16:47:15,146 - Knowledge - INFO - 
[DATABASE_STATS]
2025-11-25 16:47:15,146 - Knowledge - INFO - MongoDB operations: 0
2025-11-25 16:47:15,146 - Knowledge - INFO - Redis operations: 0
2025-11-25 16:47:15,146 - Knowledge - INFO - 
[COMMUNICATION_STATS]
2025-11-25 16:47:15,146 - Knowledge - INFO - WebSocket messages sent: 10
2025-11-25 16:47:15,146 - Knowledge - INFO - Average message size: 139.2 bytes
2025-11-25 16:47:15,146 - Knowledge - INFO - 
[WORKER_STATS]
2025-11-25 16:47:15,146 - Knowledge - INFO - 
[FILE_TYPE_STATS]
2025-11-25 16:47:15,146 - Knowledge - INFO - 
[SLOWEST_FILES]
2025-11-25 16:47:15,146 - Knowledge - INFO - ==================================================
2025-11-25 16:47:15,146 - Knowledge - INFO - ==================================================
2025-11-25 16:47:15,146 - Knowledge - INFO - KNOWLEDGE GRAPH GENERATION PERFORMANCE SUMMARY
2025-11-25 16:47:15,146 - Knowledge - INFO - ==================================================
2025-11-25 16:47:15,147 - Knowledge - INFO - Total processing time: 41.17 seconds (0.69 minutes)
2025-11-25 16:47:15,147 - Knowledge - INFO - Files processed: 153 of 153
2025-11-25 16:47:15,147 - Knowledge - INFO - Processing rate: 3.72 files/second
2025-11-25 16:47:15,147 - Knowledge - INFO - WebSocket messages sent: 5
2025-11-25 16:47:15,147 - Knowledge - INFO - MongoDB operations: 153
2025-11-25 16:47:15,147 - Knowledge - INFO - Average MongoDB ops per file: 1.00
2025-11-25 16:47:15,147 - Knowledge - INFO - LLM costs: $0.0284
2025-11-25 16:47:15,147 - Knowledge - INFO - Prompt tokens: 181282
2025-11-25 16:47:15,147 - Knowledge - INFO - Completion tokens: 25608
2025-11-25 16:47:15,147 - Knowledge - INFO - Updating org costs, total cost: 0.028371399999999998
2025-11-25 16:47:27,460 - Knowledge - INFO - [WEBSOCKET] Sent: Type=progress_update, Size: 270, Duration: 0ms
2025-11-25 16:47:27,461 - Knowledge - INFO - 💾 SAVING TO REDIS - Prefix: knowledge:b8464kg:
2025-11-25 16:47:27,461 - Knowledge - INFO - 💾 Files to save: source_files=153, file_info=153, docs=0, code_bases=1
2025-11-25 16:47:27,461 - Knowledge - INFO - 💾 Source files list: ['/Users/veera/Documents/kavia-backend/graphnode-backend-api/data/rdk7542/224088/b8464kg/entservices-runtime-224088/cmake/FindSqlite.cmake', '/Users/veera/Documents/kavia-backend/graphnode-backend-api/data/rdk7542/224088/b8464kg/entservices-runtime-224088/cmake/FindBCM_HOST.cmake', '/Users/veera/Documents/kavia-backend/graphnode-backend-api/data/rdk7542/224088/b8464kg/entservices-runtime-224088/cmake/FindDL.cmake', '/Users/veera/Documents/kavia-backend/graphnode-backend-api/data/rdk7542/224088/b8464kg/entservices-runtime-224088/cmake/FindUdev.cmake', '/Users/veera/Documents/kavia-backend/graphnode-backend-api/data/rdk7542/224088/b8464kg/entservices-runtime-224088/cmake/FindDS.cmake']...
2025-11-25 16:47:27,461 - Knowledge - INFO - 💾 Code bases: ['https://github.com/kavia-common/entservices-runtime-224088.git:kavia-main']
2025-11-25 16:47:27,479 - Knowledge - INFO - ✅ Knowledge saved to Redis successfully - Prefix: knowledge:b8464kg:, Files: 153
2025-11-25 16:47:30,709 - Knowledge - INFO - 🔍 GETTING FROM REDIS - Requested IDs: ['b3912bf', 'b8464kg']
2025-11-25 16:47:30,709 - Knowledge - INFO - 🔍 GETTING FROM REDIS - ID: b3912bf, Prefix: knowledge:b3912bf:
2025-11-25 16:47:30,709 - Knowledge - INFO - 🔍 FOUND source_files: 224 files
2025-11-25 16:47:30,710 - Knowledge - INFO - 🔍 FOUND source_code_bases: ['https://github.com/kavia-common/entservices-mediaanddrm-224088.git:kavia-main']
2025-11-25 16:47:30,734 - Knowledge - INFO - 🔍 GETTING FROM REDIS - ID: b8464kg, Prefix: knowledge:b8464kg:
2025-11-25 16:47:30,734 - Knowledge - INFO - 🔍 FOUND source_files: 153 files
2025-11-25 16:47:30,735 - Knowledge - INFO - 🔍 FOUND source_code_bases: ['https://github.com/kavia-common/entservices-runtime-224088.git:kavia-main']
2025-11-25 16:47:30,747 - Knowledge - INFO - ✅ RETRIEVED FROM REDIS - source_files: 377, file_info: 379, code_bases: ['https://github.com/kavia-common/entservices-mediaanddrm-224088.git:kavia-main', 'https://github.com/kavia-common/entservices-runtime-224088.git:kavia-main']
2025-11-25 16:47:30,747 - Knowledge - INFO - 🔍 GETTING FROM REDIS - Requested IDs: ['yp1Qz2', 'b3912bf', 'b8464kg']
2025-11-25 16:47:30,747 - Knowledge - INFO - 🔍 GETTING FROM REDIS - ID: yp1Qz2, Prefix: knowledge:yp1Qz2:
2025-11-25 16:47:30,750 - Knowledge - INFO - 🔍 GETTING FROM REDIS - ID: b3912bf, Prefix: knowledge:b3912bf:
2025-11-25 16:47:30,750 - Knowledge - INFO - 🔍 FOUND source_files: 224 files
2025-11-25 16:47:30,751 - Knowledge - INFO - 🔍 FOUND source_code_bases: ['https://github.com/kavia-common/entservices-mediaanddrm-224088.git:kavia-main']
2025-11-25 16:47:30,766 - Knowledge - INFO - 🔍 GETTING FROM REDIS - ID: b8464kg, Prefix: knowledge:b8464kg:
2025-11-25 16:47:30,766 - Knowledge - INFO - 🔍 FOUND source_files: 153 files
2025-11-25 16:47:30,767 - Knowledge - INFO - 🔍 FOUND source_code_bases: ['https://github.com/kavia-common/entservices-runtime-224088.git:kavia-main']
2025-11-25 16:47:30,777 - Knowledge - INFO - ✅ RETRIEVED FROM REDIS - source_files: 377, file_info: 379, code_bases: ['https://github.com/kavia-common/entservices-mediaanddrm-224088.git:kavia-main', 'https://github.com/kavia-common/entservices-runtime-224088.git:kavia-main']
